customer_id,first_name,last_name,date_of_birth,email,phone_number,created_at
1,Zachary,Tran,1982-03-26,hmeadows@gmail.com,+1-722-635-7473,2023-12-22 20:54:50
2,Leslie,Rivera,1993-10-05,lauracummings@gmail.com,(043)031-2065x748,2020-01-06 10:43:30
3,Patrick,Reese,1969-03-06,munozpaul@yahoo.com,782.537.9027x8137,2023-06-20 09:02:02
4,Michael,Cross,1983-10-26,rita26@hotmail.com,562-106-1571x59633,2022-04-01 19:29:38
5,Beth,Martinez,1972-06-06,zlewis@hotmail.com,385.098.7111,2025-05-12 19:24:51
6,James,Gonzales,1971-09-23,ebautista@roberts.com,955.138.2300x11950,2021-06-24 04:49:04
7,Laura,Fields,2006-09-04,tjuarez@hotmail.com,696.903.5156x7780,2023-01-02 08:34:06
8,Sarah,Brown,1985-05-08,olong@gmail.com,466-486-9353,2023-08-12 03:02:01
9,John,Mcdaniel,1957-05-29,andrew67@yahoo.com,+1-602-980-1806x924,2023-04-21 01:17:06
10,Jon,Richardson,2000-09-23,joel12@gmail.com,001-795-762-8033x2506,2023-04-08 19:09:46
11,Judith,Smith,1961-01-19,hballard@hotmail.com,(602)387-6719x30614,2021-02-11 23:12:45
12,Willie,Acevedo,1967-07-04,teresa81@hodges-duncan.com,001-909-394-5623,2024-11-15 19:36:48
13,Jessica,Benton,1998-12-13,wmitchell@gmail.com,(875)810-8076,2020-04-17 11:22:46
14,Darren,Schultz,1991-09-13,jennifer88@yahoo.com,622-437-1688,2023-01-21 05:17:06
15,Joseph,Evans,1995-09-27,jameswood@whitehead.com,9793013181,2024-07-19 02:35:30
16,Yvette,Torres,1977-06-23,gwilson@richardson-myers.com,001-088-565-7793,2021-02-04 09:56:24
17,Stephen,Kane,1992-11-09,austin38@williamson.com,1367067076,2021-10-01 05:19:44
18,Stacey,Russell,1955-08-30,patriciabradley@gmail.com,+1-490-747-2897,2021-04-09 21:09:46
19,Leonard,Hansen,1962-04-25,darmstrong@mcintosh.com,+1-154-293-3207x66190,2022-02-19 05:34:12
20,Jessica,Caldwell,1972-08-21,pmartin@hotmail.com,001-958-034-0254x699,2021-11-01 00:40:37
21,Angela,Elliott,1987-05-01,qhuffman@gmail.com,765.127.6688,2020-02-24 13:52:22
22,Mackenzie,Harper,1996-11-18,danielreeves@yahoo.com,958.342.5030x9686,2020-01-01 18:14:19
23,Adam,Hernandez,1993-07-31,brian99@yahoo.com,001-493-372-0338x2060,2022-02-26 17:52:31
24,Carlos,Martin,2000-07-11,lisalane@simpson.com,(703)609-5450x402,2020-08-18 21:56:19
25,Leslie,Jennings,1955-08-08,hunterpaul@hotmail.com,001-990-148-8916x29412,2021-06-01 04:55:39
26,Samantha,Harrington,1962-10-18,justin30@gmail.com,001-209-872-1445x672,2021-03-27 08:35:19
27,Matthew,Marshall,2001-07-30,amycampbell@yahoo.com,+1-220-735-9350x93467,2022-07-01 12:50:14
28,James,Oneal,1996-06-15,cochranmichele@golden.info,001-109-289-2242,2021-01-26 12:56:12
29,Jesus,Harding,1981-07-06,michael76@cruz.net,508-965-4790,2024-05-19 17:41:29
30,Jason,Johnson,1955-12-15,jennifer08@ortiz.com,001-573-078-6826x1350,2020-03-26 13:57:23
31,Lance,Charles,1990-10-09,tarahartman@hotmail.com,250-734-0754,2020-09-18 00:45:38
32,Lori,Watson,1956-03-26,jeromemejia@hotmail.com,930-769-0933x91001,2023-06-12 02:14:13
33,Aaron,Hartman,1958-08-08,sharonsmith@gmail.com,(760)131-3141,2025-06-09 09:38:38
34,Adam,Hansen,1965-08-25,brianna19@gibson.net,121.709.5292,2022-10-14 12:53:46
35,Gary,Wilson,1970-11-04,normanlisa@brown.org,260.807.3926x6876,2022-05-13 06:31:17
36,Melissa,Baldwin,1964-01-01,tjensen@hotmail.com,035.631.8023x59415,2020-10-24 15:17:57
37,Nicole,Branch,1985-07-22,smithdrew@monroe-patel.info,125.636.2019x83172,2025-02-01 20:08:38
38,Jennifer,Gomez,1994-11-23,ofoster@hotmail.com,+1-740-568-1929,2024-12-23 03:54:51
39,William,Benton,1971-09-25,danielle52@fields-lee.com,0580971095,2025-07-27 08:12:05
40,Matthew,Watson,1970-07-20,david45@yahoo.com,001-655-761-9292x5515,2024-02-24 21:46:44
41,Maria,Watts,1957-10-17,zmartin@miller.org,001-293-017-8040,2021-11-27 10:57:08
42,Meghan,Hunter,1985-12-30,alisha87@day-avila.biz,(280)099-7620x00044,2021-09-09 00:15:12
43,Paula,Morgan,1994-10-20,bateshenry@hotmail.com,736.037.5645,2021-01-18 14:15:38
44,Karen,Gibbs,1974-11-19,mendozabobby@yahoo.com,(855)483-3206,2022-12-18 04:36:27
45,Jeremiah,Booker,2000-05-17,douglasmclaughlin@brown.com,423-768-6874x359,2024-08-16 13:10:48
46,Jonathan,Church,1979-06-26,jillianpatrick@hotmail.com,001-613-464-4322x6021,2021-04-10 18:46:56
47,Allison,Cummings,1976-10-13,mallen@day.com,5513530005,2024-07-17 16:07:36
48,Jennifer,Sanchez,1993-06-02,whendrix@morton.com,(098)419-6629x817,2025-01-19 02:53:56
49,Anna,Estes,1961-02-01,yrobertson@yahoo.com,330.754.5469x79802,2025-05-03 20:23:23
50,Patricia,Brown,1983-05-01,fullerchristopher@gmail.com,(797)121-8646x44577,2020-09-04 14:49:01
51,Susan,Gonzalez,2006-02-03,rivastamara@hotmail.com,586-347-4694x877,2020-09-02 04:14:08
52,Christopher,Howell,2000-08-21,caitlinreyes@yahoo.com,053.464.6867x9799,2021-04-19 19:18:48
53,David,Knapp,1966-12-27,richard48@yahoo.com,325.611.4827x23428,2025-03-04 11:32:41
54,Amber,Mathews,1997-01-20,kelly38@marshall-henson.com,001-362-308-9678x301,2020-08-21 00:13:42
55,Michael,Jones,1973-08-26,christophersmith@manning.net,001-487-378-7652x854,2025-05-27 20:12:00
56,Crystal,Butler,1963-10-28,clewis@taylor.net,043.742.3861,2024-03-06 08:13:32
57,Matthew,Wall,1960-03-21,aortiz@hotmail.com,001-195-754-5640x21146,2025-03-05 17:09:39
58,Linda,Contreras,1982-02-10,susan99@carter-robinson.com,716.609.7959x59133,2025-03-19 20:57:10
59,Travis,Lewis,1971-10-31,gilesjoshua@yahoo.com,001-904-136-7295x1454,2020-02-20 20:24:06
60,Brianna,Griffith,1970-04-18,donna39@yahoo.com,015.851.2490,2024-08-07 18:14:49
61,Joshua,Miller,1972-12-31,jamieneal@thompson.net,194-067-5855x4692,2022-02-05 07:02:27
62,Colin,Estes,1983-07-24,martinezmichael@yahoo.com,(717)606-3831,2022-08-16 22:12:31
63,Christina,Rasmussen,1979-05-08,hamptonelizabeth@fuller.com,312.682.4855,2020-01-04 22:00:50
64,Ernest,Schneider,1989-07-24,april56@yahoo.com,001-919-714-6962x82359,2025-05-06 12:47:31
65,Amy,Mckinney,1985-10-05,alexishansen@gmail.com,+1-260-238-1615x25950,2025-03-09 23:33:09
66,Alexis,Davis,1967-05-05,peterscandice@foster-delgado.org,256.453.0719x00660,2021-10-22 04:12:05
67,Rebecca,Bender,1990-08-28,paul39@yahoo.com,942.004.9452x50323,2022-09-29 12:02:10
68,Kathryn,Miller,1979-03-22,phillipsimmons@gmail.com,001-605-880-5773x259,2020-12-07 22:31:10
69,Shawn,Pena,1973-02-25,colepaul@gmail.com,001-978-724-9380,2021-04-15 21:19:53
70,Kenneth,Smith,1977-07-19,sarah60@hotmail.com,+1-011-883-6485x4356,2024-12-14 20:40:06
71,George,Harris,1955-06-11,donna49@tucker.com,001-948-138-7352x284,2020-10-13 20:53:24
72,Robert,Murillo,1984-08-10,geraldchen@hotmail.com,(740)198-7820,2025-07-27 12:48:18
73,Ashley,Foster,1975-06-02,bguerra@houston-evans.com,001-784-898-5080x18376,2022-04-22 20:39:28
74,Richard,Ball,1978-04-12,brandtkristi@hotmail.com,001-060-248-2483,2024-10-02 10:04:20
75,Alexander,Summers,1988-06-15,zavalasamantha@hotmail.com,967.415.5891x77183,2021-01-28 05:43:36
76,Kathleen,Williams,1954-08-26,johnsonsusan@hotmail.com,(700)945-5310,2024-12-23 22:33:13
77,Jason,Miller,1979-12-24,tadams@gmail.com,309.870.1980,2021-12-15 03:07:49
78,Jessica,Roberts,1985-11-10,mark37@cunningham.com,684.111.1489x78861,2022-07-23 16:48:24
79,Christina,Franco,1989-06-22,jeffreydalton@allen.net,(790)800-4314,2023-11-03 12:44:17
80,John,Atkins,1962-04-04,alexander88@curry-smith.com,+1-171-588-7433x8502,2021-07-01 13:17:20
81,Nathan,Johnson,1959-10-04,wyatt94@yahoo.com,(888)091-6105x2107,2025-01-14 02:07:03
82,Michele,Morales,1994-06-11,jeffersonmorgan@gmail.com,314.325.5951,2021-08-18 07:18:23
83,Paige,Davies,1989-12-27,kvelazquez@gmail.com,+1-499-380-2046x3444,2022-09-28 23:32:47
84,Victor,Hanson,1976-07-27,kmontes@davis-jones.com,125-016-7483x967,2025-04-21 18:30:41
85,David,Luna,1989-02-25,diazluis@williams-adams.org,737-412-3659x666,2020-06-26 14:06:40
86,Kevin,Evans,1963-03-19,osmith@beasley.com,(306)393-9208x695,2024-02-20 01:45:07
87,James,Ward,1995-03-08,kelseybender@yahoo.com,870.530.4232,2025-05-17 23:39:58
88,Paul,Hall,1972-05-05,andradebonnie@yahoo.com,001-547-179-1788x3097,2021-11-02 06:19:13
89,Daniel,Matthews,1999-03-25,charles25@gmail.com,(777)968-1864x57263,2020-06-15 22:26:07
90,Jeffery,Allen,1985-12-17,patriciahill@gmail.com,+1-739-508-9057,2024-03-16 22:45:26
91,Emily,Smith,1983-06-13,diamondmcdonald@hotmail.com,001-063-374-8800x51672,2023-02-25 21:39:26
92,Noah,Meyer,1985-08-13,markrodriguez@gmail.com,4483688202,2020-09-02 02:19:56
93,Cody,Roberson,1994-07-25,qjohnson@campbell-ramirez.com,041.837.2229x9708,2024-11-19 16:15:25
94,Jose,Sosa,1979-04-18,channa@farmer-johnson.info,583.423.9095,2024-02-20 00:23:51
95,Daniel,Molina,1968-11-01,hsharp@smith-tucker.com,257-093-0669x989,2022-02-21 12:35:59
96,Thomas,Evans,1958-07-24,felicia11@hernandez.com,(750)998-3445x182,2020-01-16 16:16:17
97,Christopher,Hernandez,1986-10-03,ehatfield@dodson-underwood.net,+1-962-518-8729,2020-07-30 22:08:59
98,Stephanie,Spencer,1980-06-08,bonillachristopher@yahoo.com,927.859.0162x345,2023-05-30 17:12:48
99,Kristina,Stokes,1978-05-20,cbell@hotmail.com,001-612-476-8140x13017,2021-07-14 13:19:04
100,Stephanie,Murphy,1982-09-11,wcole@brooks.info,+1-103-590-8919x2761,2025-04-22 12:46:46
101,Alyssa,Reyes,1954-09-22,adrian29@hotmail.com,001-705-589-8795x292,2021-04-16 21:12:59
102,Aaron,Edwards,1996-05-22,nicolehamilton@gmail.com,+1-928-220-1292x39668,2023-01-09 17:10:03
103,Ashley,Dougherty,1996-12-01,david33@hotmail.com,615.932.7390x771,2021-03-04 19:38:14
104,Joseph,Jenkins,2003-11-08,palmeranthony@gmail.com,212-024-7402x004,2021-03-17 20:14:22
105,Amber,Smith,1975-02-28,courtneyjohnson@gmail.com,924-109-2373x89448,2022-02-16 20:39:43
106,John,Howard,2000-07-17,tkim@wood.com,328.788.9806x666,2025-03-26 21:29:39
107,Julia,Mcconnell,1963-12-06,phorn@hotmail.com,116-226-2886,2020-03-27 22:43:00
108,Scott,Odonnell,1997-04-09,ymcdonald@medina.org,247-332-2612x79557,2024-03-11 13:54:46
109,Charles,Banks,1999-09-10,geoffrey99@yahoo.com,246-181-4814x0213,2022-09-04 00:05:23
110,Julie,Burnett,1957-12-28,ewright@gmail.com,9118927987,2023-12-20 15:07:21
111,Claire,Curtis,1960-06-12,yburns@hubbard.com,008-897-6422,2024-08-29 18:13:03
112,Pamela,Edwards,1982-01-26,kirstengarza@henry.com,175.410.1165x784,2024-06-08 14:33:07
113,Haley,Davis,1995-04-02,eugenecampbell@gmail.com,(830)440-1462x9299,2024-12-11 15:12:43
114,Katrina,Simpson,1998-01-29,ralph82@oconnor.com,693-768-1773x79206,2024-07-14 05:43:23
115,Isaac,Schmidt,1959-12-14,cwatkins@hotmail.com,(425)121-8666x4011,2020-04-18 23:28:07
116,Jennifer,Sullivan,2000-10-05,martinezjustin@harris.com,296.719.1839,2024-03-03 03:42:03
117,Katelyn,Hale,1962-11-26,leonardisaac@hotmail.com,001-312-760-8481x17263,2023-11-05 13:35:32
118,Linda,Hinton,2002-08-09,amatthews@hotmail.com,(774)818-3399x91309,2024-09-18 14:46:13
119,Anna,Rollins,1964-09-27,katherineswanson@hotmail.com,107-661-8158x4586,2022-03-27 18:33:03
120,Steven,Kirk,1999-02-18,bsmith@harris.com,001-485-496-0468,2023-05-09 06:38:42
121,Danielle,Brown,1973-03-30,ajohns@gmail.com,554.640.0302,2023-06-13 12:10:11
122,Joseph,Santos,2002-03-25,kimberlymorgan@gmail.com,001-877-370-9084x5836,2023-04-20 02:10:41
123,Joseph,Martinez,1966-09-13,robertmartinez@hotmail.com,(406)774-9544x40480,2024-06-05 10:33:39
124,Mary,Lewis,1992-07-28,garciadavid@yahoo.com,554.797.6918,2025-05-01 15:56:03
125,Anthony,Velez,1980-07-29,ylucas@jensen.com,323.032.3206x12955,2020-12-19 23:34:46
126,Donna,Jimenez,1957-04-16,johnsonmatthew@roth-waters.net,001-153-907-2818x589,2022-10-22 06:31:50
127,Cassandra,Clarke,1998-07-07,anthony75@schmitt.net,706-889-3280,2020-06-07 05:47:48
128,Catherine,Chambers,1997-12-11,ericjones@robinson.biz,+1-705-884-5113x4407,2021-02-11 18:17:02
129,Derrick,Rodriguez,1966-06-18,david45@villanueva.org,959.392.4145,2022-01-09 04:55:17
130,Jeffery,Steele,1975-04-13,jorge31@williams-klein.org,(392)058-4980x012,2024-02-03 09:56:48
131,Deborah,Sutton,2004-05-07,ryanwoodward@williams-davis.com,517.236.4017x588,2024-09-05 23:48:06
132,Christina,Hernandez,2004-06-15,katherine16@ward.com,+1-344-357-7678x3677,2020-07-17 23:37:47
133,Michelle,Thomas,1992-07-16,belltammy@frey.com,171-291-5976x31474,2024-04-25 04:07:02
134,Gabriel,Brown,1979-09-29,knguyen@zuniga.org,001-472-939-8880x2060,2024-05-20 08:25:17
135,Howard,Peterson,1961-03-03,medinacraig@brennan-butler.com,011.477.3123x53978,2023-01-30 00:06:30
136,Maria,Robinson,1957-09-06,angela21@yahoo.com,598-339-6060x68008,2023-12-21 06:24:00
137,Amanda,Terry,1969-03-23,woodmatthew@gmail.com,441.639.3733x6039,2022-04-05 10:14:54
138,Tiffany,Gonzalez,2004-08-08,beckerjeffrey@gmail.com,611.678.9583,2022-10-21 15:33:03
139,Andrea,Nicholson,1972-10-26,pdavis@smith.net,001-300-450-5830,2023-01-18 06:31:57
140,Linda,Guerrero,1987-04-04,carl36@clark.com,507-416-4736x1649,2024-12-03 01:04:37
141,Nancy,Bean,2003-03-26,vramirez@oliver.com,968-269-7870,2021-05-03 00:08:00
142,Christopher,Dalton,1963-01-26,johnsonphyllis@gmail.com,058-427-2888x294,2023-06-20 21:39:43
143,Todd,Snyder,2006-06-15,mckinneyolivia@lopez.com,+1-453-561-2379x48467,2023-10-11 17:44:49
144,Sue,Dickerson,1993-10-21,melissacox@yahoo.com,(440)910-7752,2024-11-11 20:50:38
145,Rebekah,Brady,1982-10-23,vincentbooth@jackson-mays.net,391.942.5479x757,2023-09-04 09:15:18
146,Joseph,Turner,1981-06-01,donaldhicks@lee.com,(076)992-2082x431,2022-09-18 08:19:55
147,Scott,Smith,1957-07-05,porterderek@barrera.info,7919814934,2023-08-19 08:55:00
148,Shawn,Wilkins,2006-04-25,jonathanalvarez@gmail.com,(707)920-9920x644,2021-09-28 04:21:34
149,Donald,Heath,1970-03-30,davissteven@west-rose.com,953-682-1207,2024-06-03 11:02:21
150,Amanda,Knight,1963-03-13,michaelwarren@yahoo.com,+1-816-979-3172x35928,2024-03-03 13:23:30
151,Richard,Foster,1973-11-28,samantha00@hotmail.com,(302)291-5559,2022-06-13 23:27:05
152,Angela,Fernandez,1982-09-12,jmcdaniel@roberts.net,094.683.4074,2020-04-03 07:57:52
153,Mark,Ortiz,1975-07-25,brian44@sanchez.com,048-040-8081x28504,2020-09-08 02:25:59
154,Eric,Griffin,1992-12-03,jashley@hotmail.com,(469)502-9132,2022-02-01 11:20:59
155,Julia,Ford,1966-02-21,kennedydavid@yahoo.com,780.343.7333x62002,2021-01-06 15:52:16
156,Nicole,Morales,1956-04-09,russellbeard@martin-briggs.com,(518)832-3290x88203,2022-12-23 06:00:26
157,Samantha,Hopkins,2005-01-18,umartinez@hotmail.com,266.918.7969,2022-10-12 22:54:59
158,Dylan,Rosales,1976-12-22,pcaldwell@gmail.com,(183)276-5390x442,2020-05-24 09:21:22
159,Nicole,Evans,2006-08-29,hcraig@yahoo.com,209.305.6476x668,2022-03-16 01:50:33
160,John,Gross,1991-03-06,corey41@flynn.com,(828)318-6830x82421,2020-07-14 13:17:36
161,Anthony,Singh,2006-03-14,danielkimberly@yahoo.com,(962)568-0065,2023-03-24 06:41:02
162,Timothy,Parker,2007-06-01,karen42@kaiser.info,(136)189-8578x723,2025-08-06 11:00:16
163,Mike,Moore,1972-09-24,jonathan78@vega.org,361-524-6607,2021-07-23 04:47:25
164,Angel,Hays,1971-06-24,latasha34@gallegos.biz,180-055-5452x192,2025-03-26 05:26:28
165,Jeffrey,Griffin,1979-04-18,ryan40@yahoo.com,+1-270-211-4353,2025-07-22 18:56:58
166,Anthony,Jones,2000-07-21,roberthayes@yahoo.com,(958)516-9548x842,2021-04-29 11:43:19
167,James,Castillo,1957-04-25,xbrown@hotmail.com,1950546314,2022-02-12 01:32:09
168,David,Jones,1957-03-22,andre21@roberts-tapia.info,(619)378-7876x034,2022-04-18 16:26:14
169,Jeffrey,Jones,1982-10-04,debbiewilson@rojas.net,363-535-7515x211,2022-04-26 08:45:06
170,Amy,Little,1958-02-27,kellyedward@hotmail.com,711.814.9982x96720,2023-04-12 08:34:58
171,Samuel,Andersen,1964-08-13,lesterjeffrey@yahoo.com,001-774-250-9796x25662,2023-01-19 02:46:11
172,Mitchell,Ramos,1972-01-31,oscott@pineda.com,+1-903-864-7004x6384,2020-05-05 04:08:12
173,Robert,Phillips,1984-02-05,yadams@yahoo.com,(688)883-6932x648,2022-12-27 07:17:00
174,Kristen,Flores,1996-08-05,williamroberson@hotmail.com,004-553-6243,2024-02-24 20:50:51
175,Joshua,Lawrence,1969-03-25,qball@hotmail.com,484.951.3311,2024-05-28 13:05:00
176,Edward,Santiago,2006-03-26,sergio66@gmail.com,001-144-025-6264x682,2021-12-15 21:28:34
177,Eileen,Hebert,1981-02-24,wilcoxmichael@sullivan.com,339-944-2358,2022-03-16 19:32:55
178,Danielle,Johnson,1968-07-23,fergusonsusan@moreno-griffin.com,421.622.8053x03652,2024-03-30 01:53:51
179,Randy,Johnson,1995-12-11,luisthomas@wagner-harrison.biz,(602)103-0506x49235,2023-07-03 13:30:47
180,Trevor,Torres,1973-06-29,sherryblack@yahoo.com,6046997993,2023-07-10 16:58:21
181,Melissa,Wright,2007-04-13,justin95@whitehead.net,(945)891-5382x75617,2024-07-06 10:54:15
182,Kayla,Williamson,1983-01-11,fieldsheather@gmail.com,823.822.6275x01000,2021-05-08 17:37:30
183,Stephen,Ray,1959-11-20,serranoshane@reynolds.com,+1-876-550-5176,2022-02-05 17:04:11
184,Sydney,Sherman,1981-12-11,scaldwell@gmail.com,+1-097-278-7361,2021-11-12 03:50:29
185,Nathaniel,Gomez,1978-11-17,teresabrock@gmail.com,519-837-9544x9916,2020-02-28 23:54:10
186,Samantha,Gallegos,1959-01-31,swansondebra@gmail.com,219-956-5992,2025-03-01 12:14:51
187,Susan,Norris,1988-03-05,johnsonjodi@gmail.com,001-320-273-4152x70881,2020-10-29 20:12:27
188,Ana,Ward,1974-06-15,spencercheryl@gmail.com,1144385537,2024-10-09 09:23:36
189,Natalie,Gonzales,1996-03-22,paulortiz@yahoo.com,(370)431-7796x442,2022-01-01 07:10:07
190,Kathleen,Ball,1967-07-25,richardsonscott@garcia-richardson.biz,(813)167-4207x241,2023-11-07 17:25:24
191,Jason,Maxwell,1980-03-23,qrowland@henderson-martin.info,075-772-1015x85893,2024-04-11 08:57:49
192,Andrea,Perry,1997-11-08,tyler19@hotmail.com,(646)669-1412x4183,2021-05-14 15:27:00
193,Jonathan,Davis,1969-06-07,pedroroth@yahoo.com,(774)498-6006x244,2025-05-12 06:27:52
194,John,Hernandez,1970-08-03,xhayes@crawford-haas.biz,+1-462-151-7452,2022-04-28 22:02:40
195,Kayla,Reyes,1959-06-12,amber62@gmail.com,(325)361-6751x56575,2022-11-16 04:46:57
196,Pamela,Harris,1985-11-03,maryanderson@foster.net,(777)522-0022,2023-07-24 18:24:07
197,Donna,Le,2003-05-31,lindsay47@hotmail.com,419-603-0965,2022-11-20 18:05:55
198,Andrew,Horton,1993-09-26,joselee@vargas.com,+1-282-008-5580,2020-02-19 06:36:20
199,Grant,Greene,1968-01-18,david44@rasmussen.com,455-325-5276x58456,2020-04-14 10:38:08
200,Kimberly,Baldwin,1961-07-23,pwilliams@jones.com,(766)049-5959x82709,2024-09-05 22:30:35
201,Yvonne,Edwards,1967-10-01,andersonmartha@yahoo.com,205.531.5637x79626,2023-03-06 21:06:39
202,George,Brown,1981-11-16,adrian31@yahoo.com,967.214.1080,2020-02-29 09:57:48
203,Douglas,Acosta,1997-09-14,welchbarbara@johnson.net,+1-745-619-4883x3075,2020-10-23 19:25:52
204,Jessica,Hicks,1967-01-04,ypark@fletcher.biz,001-843-606-2239,2025-07-24 07:13:55
205,Cory,Crosby,1994-06-08,jason90@hotmail.com,001-421-213-4849x58698,2024-05-02 23:13:25
206,Carolyn,Wu,1983-08-03,bonniemoon@hotmail.com,705.726.9671x81842,2021-07-14 03:59:35
207,Kimberly,Mcdaniel,1982-06-11,garrettterry@hotmail.com,(330)811-3605x549,2023-03-12 14:47:46
208,James,Martin,2002-04-27,xalexander@hotmail.com,(650)039-1306x45094,2023-03-09 06:12:54
209,Lori,Moss,1967-07-22,christinamason@hotmail.com,(030)431-0516x87009,2022-09-20 01:56:49
210,Jacob,Nguyen,1987-12-11,henrymark@hotmail.com,698.993.5417,2024-02-22 02:54:04
211,Olivia,Mcdaniel,1973-01-31,curtissmith@gmail.com,(111)089-6824x3469,2024-07-12 19:37:54
212,Christopher,Castro,1989-09-04,gdawson@patrick.info,974.352.3095x290,2022-08-17 00:18:46
213,Eric,Dodson,1971-09-01,laurasullivan@gmail.com,226-411-8120x0010,2023-02-05 20:44:28
214,Glen,Bond,1975-10-12,murphysarah@gmail.com,+1-564-707-5422,2020-04-18 20:19:14
215,Destiny,Pitts,1965-06-30,erodriguez@hotmail.com,(208)768-8028x211,2023-07-13 05:28:49
216,Joseph,Brown,1997-03-20,brianthomas@walton-fernandez.biz,813-874-1811x416,2020-07-23 23:24:38
217,Autumn,Petersen,1982-12-01,gina05@yahoo.com,(708)713-7796,2024-11-02 16:37:06
218,Shannon,Mccullough,1955-07-21,peternavarro@hotmail.com,2322157469,2022-01-28 16:22:43
219,Connie,Silva,1965-10-17,ccarson@hotmail.com,001-222-153-6283,2021-12-22 02:40:16
220,Michael,Finley,1964-05-01,dboone@king.info,+1-741-351-8469,2022-09-15 11:27:53
221,Rhonda,Rodriguez,1996-12-30,wongcandace@clark.biz,+1-368-846-6317x936,2021-06-27 18:44:46
222,Kirk,Reid,2003-02-17,sharontyler@jimenez.com,955-777-6416x8634,2020-03-23 04:48:36
223,Holly,Ryan,1980-10-23,mlevy@fox.net,+1-344-676-5642,2021-02-13 02:56:19
224,Kevin,Huerta,1987-09-30,amyhines@yahoo.com,560.560.1918x23872,2021-06-30 09:33:02
225,Stephen,Thompson,1981-08-02,robertkelly@thompson.biz,001-167-042-3711x123,2024-12-21 04:36:05
226,Samantha,James,2003-02-12,gibsonandrew@sawyer.com,535.365.2690,2025-03-22 15:50:27
227,Ashley,Stafford,1955-06-05,ubeasley@gmail.com,8995135525,2024-06-07 15:49:30
228,Christopher,Wang,1966-07-27,melvin10@hotmail.com,(657)168-3108x5736,2021-06-16 15:35:59
229,Pamela,Martin,1994-07-24,gdickson@johnson-davis.net,+1-695-404-9364x4440,2021-04-13 16:09:08
230,Lisa,Hogan,1988-10-12,ryan15@salazar-smith.com,448-292-6379x6433,2021-12-13 16:40:56
231,Angela,Montgomery,1991-05-08,timothy43@anderson.com,299.380.0322x611,2020-06-01 15:45:32
232,Robert,Parsons,1973-11-16,joseph51@gmail.com,(797)700-1286,2023-12-05 21:03:38
233,Ryan,Friedman,1955-02-01,thompsonstephanie@acevedo-hurley.info,(334)927-8685,2021-10-07 06:45:24
234,Renee,Middleton,2005-09-16,ulong@gmail.com,+1-784-161-2760x7204,2025-05-18 17:14:21
235,Randy,Martinez,1959-05-19,dale38@gmail.com,334.555.6385,2021-12-03 20:25:18
236,Brenda,Swanson,1960-06-10,gsherman@yahoo.com,+1-149-841-4545x5491,2021-11-10 13:35:11
237,Bailey,Smith,1985-06-26,thomas82@yahoo.com,+1-879-362-4469x0457,2025-04-16 16:28:40
238,Mariah,Fry,1984-06-15,brookskelly@williams.com,(418)799-7823,2022-12-05 21:24:25
239,Diane,Mitchell,1999-11-18,julie70@hotmail.com,001-264-780-9969x697,2021-04-21 09:07:52
240,Taylor,Foster,1992-06-02,stephanie66@orr.info,2202861955,2024-11-20 09:53:06
241,Wendy,Nguyen,1978-05-23,stevenfleming@yahoo.com,(339)250-6791,2022-12-11 23:28:03
242,April,Noble,2004-05-02,willispaul@hughes-robertson.com,405-696-2810,2023-09-05 11:53:21
243,Cynthia,Long,1983-01-27,oford@yahoo.com,518.283.3495,2024-05-19 11:44:03
244,Denise,Johnson,1989-06-16,rebecca57@yahoo.com,001-083-806-1792x9148,2022-02-25 11:38:26
245,Allen,Perez,1954-10-28,jordan11@maldonado.com,7059051547,2022-09-29 04:37:01
246,Amanda,Jordan,1959-05-31,patricksimmons@prince.com,(175)093-8253x5440,2022-11-21 18:19:35
247,Kara,Ayala,1974-10-12,johnwerner@gmail.com,+1-540-348-8321x9819,2020-11-27 08:33:45
248,Leslie,Holmes,1984-09-27,acampbell@gmail.com,913-284-9245,2021-03-28 22:21:06
249,Robin,Booker,1965-06-07,dhoover@hotmail.com,(958)882-4580,2021-09-05 16:40:45
250,Gabriel,Bates,1965-10-23,fritzdebra@stuart.com,8891941762,2020-09-27 16:28:12
251,Elizabeth,Rojas,1965-01-03,jbeard@hotmail.com,(248)202-4173x268,2024-09-03 07:51:45
252,Kathleen,Vasquez,1984-02-10,dgibbs@rodriguez.com,001-812-806-6109x125,2022-07-29 20:01:51
253,Jeffery,Doyle,1978-07-29,andrew60@gmail.com,836-276-4566,2023-02-03 14:02:20
254,Sophia,Rodriguez,2000-06-03,vegaruth@yahoo.com,777-178-5002x21353,2024-01-09 19:56:58
255,Clinton,Smith,1988-05-10,gloriarivers@gmail.com,938-945-4957x522,2025-08-03 01:40:35
256,Benjamin,White,1958-12-23,mlee@gmail.com,561.650.8597,2022-01-04 14:17:36
257,Angela,Dennis,1992-11-08,mitchelldiana@yahoo.com,(555)781-9424x738,2021-03-15 13:19:23
258,Michael,Melton,1968-07-22,franktaylor@taylor-graves.com,001-988-777-6431x8810,2024-08-02 18:22:26
259,Alexander,Bauer,1962-01-14,carlosmurphy@fox.net,(358)192-7443,2020-05-12 09:56:21
260,Shane,Hart,1962-04-10,gabriel53@hotmail.com,382.148.0132x81776,2025-07-26 00:42:49
261,Kevin,Saunders,1987-04-09,brockjack@yahoo.com,1733228382,2020-01-29 09:44:02
262,Henry,Reeves,1980-11-27,anna67@yahoo.com,(279)412-0037,2021-06-10 02:02:51
263,Douglas,Gill,1993-06-16,adavis@mcbride.org,001-992-804-7017x8511,2020-03-22 05:00:42
264,Joshua,Evans,2003-03-09,antoniomorgan@yahoo.com,(406)408-5517,2023-01-24 23:08:54
265,Michael,Sanders,1964-03-28,robertwoods@yahoo.com,+1-151-940-2037x6551,2020-11-13 22:21:03
266,Jessica,Collins,1955-10-01,yespinoza@gomez.org,195-302-2576,2020-10-10 01:13:20
267,Robert,Jackson,1990-07-20,ghartman@hotmail.com,969.126.0662x32609,2023-06-29 19:04:32
268,Kelly,Owens,1958-11-05,jacksonlisa@baxter.com,001-855-760-3598x71020,2025-02-18 19:03:56
269,Angela,Greene,1955-11-16,scott62@kim.com,1754793402,2022-12-07 11:37:07
270,Michele,Carter,1999-03-16,xellis@hotmail.com,001-754-611-3350x9152,2024-11-22 02:50:04
271,Sara,Howard,1973-09-23,jonesautumn@yahoo.com,(649)390-2069,2023-08-15 14:45:35
272,Timothy,Mercado,1977-09-15,hermanjohn@johnson.org,001-842-445-9401x048,2023-01-17 03:58:25
273,Sarah,Greene,1990-02-03,larryallen@yahoo.com,001-606-918-1323x694,2020-09-20 04:35:38
274,Valerie,Walker,1970-04-11,maryrichardson@yahoo.com,247.583.5971,2024-06-29 13:00:55
275,Aaron,Robinson,1998-12-04,emmabell@hotmail.com,0272868030,2022-04-25 17:52:24
276,Rita,Keith,1992-08-04,kathy36@vargas.com,001-719-546-8493x802,2022-10-08 01:32:39
277,Hector,Bolton,1993-05-06,mitchellsarah@hotmail.com,483-692-5037x06011,2024-06-28 22:37:04
278,William,Hunter,1991-06-14,matthew34@yahoo.com,(845)787-7174x549,2023-12-10 03:39:05
279,Jessica,Davis,1956-09-22,ryanscott@melton.com,001-265-099-0875x663,2025-03-02 14:29:22
280,Dan,Cross,1978-10-08,burnsleroy@gmail.com,+1-806-502-7997x636,2020-02-16 18:56:15
281,Larry,Soto,1977-12-10,mollyrodriguez@brown.org,5543290514,2023-11-19 11:49:42
282,Leah,Gonzalez,1964-11-21,tinalamb@hotmail.com,728-539-2448x38895,2020-01-09 07:46:01
283,David,Case,1958-12-27,jacquelinelyons@hotmail.com,602-166-4103,2023-03-23 15:30:51
284,Lori,Young,1974-03-15,jordaneric@hotmail.com,001-468-280-3538,2023-08-28 02:14:54
285,Harry,Rodriguez,1968-05-28,xanderson@lewis.info,9914088309,2021-11-18 14:48:52
286,Cynthia,Schneider,2000-07-14,amy57@gmail.com,9661120389,2024-05-10 13:44:41
287,Ashley,Moore,1968-05-19,astevenson@schneider.com,+1-375-655-7333x774,2021-01-08 04:51:35
288,Cristian,Doyle,2002-06-19,mark51@yahoo.com,(279)473-2861,2022-07-02 14:58:22
289,William,Sanchez,1990-01-13,sharongarcia@lin-meadows.com,(294)068-4929,2020-06-06 12:28:14
290,Patricia,Cunningham,1985-06-21,sconway@prince.com,+1-176-347-6560x079,2022-03-21 22:59:13
291,Jason,Cannon,2006-11-23,nallen@hotmail.com,(645)675-8740x5090,2021-06-26 19:57:57
292,Michael,Rose,1997-08-14,johnhernandez@mckinney-kline.com,001-153-349-0819x6904,2024-06-08 06:28:22
293,Sean,Vega,1983-08-10,gaineskatherine@peterson.biz,(876)566-8688,2021-03-02 14:27:04
294,Christine,George,1959-02-17,juliawalsh@yahoo.com,(502)647-9423,2021-11-01 06:25:52
295,Roberto,Powers,1957-08-10,shelby86@gmail.com,279.750.8053x69978,2025-01-05 19:21:43
296,John,Hicks,1982-09-01,lewisbrian@hotmail.com,867-030-6501x63862,2022-02-06 21:51:33
297,Russell,Franklin,1978-01-01,douglas26@gmail.com,625-164-5324x84451,2024-12-09 10:40:29
298,Gary,Liu,1973-02-18,wvaughan@nielsen-sparks.org,+1-223-502-2289x7148,2024-09-14 19:13:41
299,Drew,Shepherd,1982-03-14,isanchez@yahoo.com,244-499-8833x159,2022-12-22 03:42:18
300,Anthony,Bush,2004-03-28,owensjesse@gmail.com,(956)220-6382x2333,2021-06-22 06:35:29
301,Joseph,Dixon,1987-11-28,johngamble@reyes.net,001-360-028-8062x775,2024-08-24 22:28:44
302,Billy,Villa,1960-06-19,wallcaroline@shaw.com,(025)754-3853x959,2022-07-14 09:12:01
303,Paul,Johnson,2002-04-26,kenneth24@hotmail.com,034-148-8791x97463,2024-04-21 03:05:13
304,Joseph,Leach,1999-03-12,htorres@peters-hawkins.net,691.095.6799,2021-10-13 20:31:36
305,Rebekah,Washington,1962-02-11,katkinson@morris-chandler.com,001-061-401-7071,2021-10-11 23:26:01
306,Margaret,Jackson,1975-04-06,mullenjulian@powell.com,001-437-853-0001,2020-07-31 06:33:03
307,Jorge,Harper,1980-03-28,coxstephanie@hotmail.com,329.859.2627x3502,2022-12-06 22:04:13
308,Alan,Wagner,1966-05-04,chase45@yahoo.com,(032)092-3433,2025-08-03 09:20:35
309,David,Morris,1984-04-29,downsbreanna@kennedy-fuller.biz,488-911-4229x253,2025-05-26 00:57:10
310,Billy,Thomas,1955-06-19,xdorsey@yahoo.com,001-292-709-1086x83284,2024-09-25 04:35:03
311,Jeffery,Wheeler,1958-10-13,jefferyhunter@hotmail.com,(509)275-7559,2020-12-21 04:37:16
312,Lauren,Mccullough,1987-01-28,katherine82@greene-king.com,+1-615-260-9281x316,2020-11-16 15:53:27
313,Jacqueline,Lewis,1999-02-12,codyhunter@hotmail.com,718.182.2829x0050,2020-05-21 05:55:43
314,Lauren,Griffin,1978-02-19,jessicamccoy@castro.net,001-372-376-8154x45129,2022-03-18 15:25:58
315,Connie,White,1999-04-12,crossjohn@cruz-peterson.info,041.728.7028x4501,2020-09-07 00:54:18
316,Scott,Gamble,1973-05-04,debragonzalez@reed.com,+1-535-280-5195x23529,2022-12-09 12:59:25
317,Cynthia,Miller,1988-02-28,charris@gmail.com,(755)673-3502x729,2023-05-11 17:07:13
318,Jesus,May,1980-01-12,allenshannon@gmail.com,(596)386-6672,2022-09-22 21:53:01
319,Jordan,Clark,1980-02-15,lawrence13@williams.com,544.373.7079,2022-01-10 05:11:36
320,Emily,Lane,1994-08-16,jake05@hotmail.com,001-001-538-9641x1159,2021-09-24 02:11:39
321,Julie,Price,1957-08-31,manndarren@kemp.com,(755)765-9908,2025-02-28 17:29:50
322,Christopher,Juarez,2000-07-09,destiny46@dawson.com,5940765584,2024-02-05 11:07:46
323,Ronald,Boyer,1973-09-05,gsmith@yahoo.com,(925)357-0730x6100,2024-05-28 03:35:51
324,Beth,Gonzalez,1954-08-18,anthony21@gmail.com,968-539-2645x97250,2023-11-03 01:56:12
325,Sonya,Daniels,1955-06-28,christina14@murphy.biz,+1-156-691-1020x27144,2023-03-04 01:25:13
326,Justin,Shaffer,1981-10-12,joannaschneider@hotmail.com,267-671-7354,2025-04-12 01:15:42
327,Brian,Perez,2007-02-01,kennedymary@gmail.com,763-196-2683,2020-12-14 04:48:13
328,Marcus,Brown,1961-07-29,kburnett@yahoo.com,759-107-5171x252,2021-03-15 12:34:21
329,James,Rodriguez,1974-07-17,langamanda@krueger.com,668-156-0335,2024-01-23 13:49:19
330,Daniel,Harmon,1987-01-27,stacey51@martinez-mcgee.com,3593762029,2023-07-23 12:00:13
331,Traci,Moore,1971-11-07,johnsonkevin@edwards-taylor.net,371.775.4053,2021-02-15 11:47:57
332,Lance,Klein,1995-05-05,harringtonanthony@rogers.com,4664166089,2023-06-29 04:12:02
333,Chad,Harris,1992-07-27,oramirez@hotmail.com,905.838.9570,2022-01-06 06:17:51
334,Jamie,Oneal,1957-11-27,bclark@yahoo.com,(401)337-6402,2022-01-25 12:34:55
335,Jennifer,Higgins,1975-08-16,bryanelliott@brown.info,(500)444-0825x412,2022-02-02 22:12:54
336,Jordan,Willis,1962-01-02,wilsonmelissa@yahoo.com,998-755-3385x56314,2023-02-01 12:05:29
337,Kimberly,Rush,1969-05-02,hendersonpatricia@gmail.com,001-864-475-9486x877,2020-10-22 11:44:03
338,Brooke,Carrillo,2005-10-20,kristopher66@gmail.com,4663013696,2023-03-02 15:53:41
339,George,Brown,1963-05-05,berryjohn@gonzalez.com,334-701-6655,2020-10-15 06:52:10
340,Robert,Patel,2004-12-30,smithbrittany@bray.com,(665)871-2534x9075,2023-01-22 14:11:14
341,Jennifer,Kerr,1965-07-29,robertyork@gmail.com,3552825672,2022-03-24 17:59:34
342,Christina,Lester,1980-03-11,bauerspencer@yahoo.com,434-156-8761,2025-07-10 02:32:31
343,Wayne,Nunez,1983-05-01,kevin01@yahoo.com,(000)304-6436,2023-11-14 01:31:47
344,Stephanie,Martinez,1987-02-18,charles58@yahoo.com,001-874-033-8298x798,2024-03-15 20:03:11
345,Christopher,Clark,1972-01-29,quinnsteven@hotmail.com,744.901.6310x262,2020-05-13 22:51:46
346,Kimberly,Nelson,1986-08-08,hornjames@miller.com,(847)296-1171,2024-07-05 05:00:29
347,Matthew,Bender,1957-12-04,amy73@gmail.com,540-557-9818,2023-03-04 16:23:34
348,Jeremy,Taylor,1990-03-23,smithabigail@yahoo.com,+1-816-158-2816,2025-06-08 12:56:02
349,Jessica,Moreno,2004-12-21,vpeterson@yahoo.com,(695)840-3205x67543,2025-02-28 23:08:27
350,Tammy,Maddox,1971-12-13,vward@williams.net,+1-077-776-9516x6762,2021-11-28 21:19:27
351,Samuel,White,1981-01-05,brianmorales@king.info,001-491-317-6872x788,2020-08-04 13:12:32
352,Jose,Mckee,1962-12-06,vcabrera@ross.com,001-972-133-3530,2024-09-05 23:11:56
353,Hannah,Manning,1999-07-17,crystal34@yahoo.com,693.392.8923x0526,2021-12-25 11:19:08
354,John,Flores,1977-03-04,brandonfreeman@christian-johnston.com,001-167-290-1456,2020-09-25 15:53:39
355,Cheryl,Joseph,1981-10-19,christine94@hotmail.com,085.773.5710,2024-12-21 07:21:45
356,Robert,Nguyen,1985-07-14,pbright@west.net,026.000.5583x43212,2021-05-01 14:56:44
357,Michael,Callahan,2000-09-02,blackmelissa@williams.com,(211)675-0997x8597,2022-10-25 14:26:13
358,Jonathan,Foster,1979-05-12,obrienjohn@yahoo.com,001-226-522-2581x680,2022-11-12 17:16:48
359,Timothy,Lopez,1967-03-14,lharris@melton.org,(137)676-9254,2020-05-31 00:40:51
360,Amy,Carter,1965-06-16,suzannecampos@reyes.com,185-945-4561,2022-06-23 16:52:30
361,Dawn,Vasquez,1993-07-21,aguilarheather@yahoo.com,610.455.2181x53348,2024-11-11 10:12:06
362,Anna,Lawrence,1968-06-12,gonzalezemily@gmail.com,001-329-538-1471x887,2021-08-13 19:58:51
363,Melissa,Newton,1987-11-13,shelby54@boyd-gillespie.com,(695)226-1328,2020-04-09 22:13:58
364,Ryan,Burns,1980-02-04,craig74@bonilla.com,914.709.0221x072,2021-05-08 10:40:45
365,Eric,Crawford,2005-01-01,jyoung@rodriguez-adams.biz,+1-329-114-4871x85218,2021-09-19 06:02:26
366,Loretta,Price,1958-10-24,adeleon@espinoza.net,(753)290-8999x626,2025-01-05 15:42:29
367,Judith,Davidson,1984-10-10,tarabarrett@williams-sanders.info,143.745.4094x8310,2025-08-08 14:52:50
368,Harold,Sheppard,1959-11-12,matthew33@ingram.com,(765)901-6576x50774,2021-12-29 09:35:41
369,Angela,Burnett,1978-10-25,jaclynmolina@gmail.com,0677776694,2021-07-15 05:35:57
370,Michael,Scott,1973-01-20,rachelschwartz@gmail.com,(053)724-3393,2023-05-16 14:09:12
371,John,Cline,2007-08-06,rowejames@yahoo.com,124-505-9569x067,2020-05-12 05:59:45
372,Jacqueline,Brennan,1985-05-10,gardnerchristopher@gmail.com,425-100-2508x4103,2023-04-09 12:40:11
373,Melissa,Jones,1976-09-23,fgallegos@yahoo.com,(389)856-7201,2023-10-05 03:46:09
374,Kimberly,Brown,1991-05-15,dickersonseth@hotmail.com,001-981-549-9497x0107,2021-12-21 05:56:27
375,Mariah,Whitehead,2004-05-18,abarnes@hotmail.com,317-678-2920,2022-02-07 13:10:15
376,Michael,Wallace,1998-04-11,cheryl71@hotmail.com,5562466027,2020-02-22 04:52:06
377,Michael,Tate,1998-03-23,kennethpowers@diaz-williams.biz,(975)993-7648x18186,2023-09-01 18:41:39
378,Patrick,Ruiz,1990-01-16,vargasstephanie@palmer.com,066-965-6075,2022-11-07 08:08:44
379,Kelly,Greer,1964-11-06,isaiah15@sanchez.net,471-594-6152x691,2022-06-19 18:59:12
380,Victoria,Elliott,1981-07-02,heather63@hale.org,(880)191-6129x99132,2021-07-27 04:52:50
381,James,Stevenson,1994-12-24,njackson@yahoo.com,(862)522-7950,2023-10-27 15:35:36
382,Joshua,Murphy,1995-11-18,ruizwilliam@gmail.com,3535820984,2023-04-25 21:24:24
383,Amanda,Brooks,2006-03-30,tracy90@stevens-jones.com,232-594-7306x632,2022-07-03 14:23:31
384,Cynthia,Kirby,1971-12-05,krivas@hotmail.com,+1-992-334-7176,2023-07-05 01:04:34
385,Amber,Cunningham,1970-10-01,morganoscar@peters.com,(204)804-9520,2024-03-19 21:28:31
386,Katelyn,Ryan,1983-12-13,richard91@hotmail.com,278.554.9045x821,2025-02-18 04:49:32
387,Heidi,Wood,2002-08-20,raymondmiranda@yahoo.com,001-687-836-0396,2021-07-19 13:28:23
388,James,Smith,1994-01-21,mschmidt@yahoo.com,387-071-8629,2024-05-30 19:26:47
389,Tiffany,Oliver,1997-09-11,silvascott@yahoo.com,631-150-8419,2024-12-30 14:36:19
390,Brian,Garcia,1965-09-13,ghernandez@gmail.com,794-511-1143,2021-02-21 17:22:22
391,Erica,Hart,1991-09-05,garycarlson@garcia.com,679-469-5508x575,2025-06-11 14:11:12
392,Charles,Lopez,2003-10-01,deborah16@gmail.com,540.835.5878x4216,2025-07-29 02:46:14
393,Veronica,Smith,1972-01-01,mallory18@yahoo.com,327.011.3591x5573,2024-02-05 17:12:09
394,Jeremiah,Davis,1999-03-11,jenniferjenkins@gmail.com,(557)014-1955x358,2022-11-05 21:45:41
395,Bradley,Rodgers,2004-10-12,stephanie49@hudson-perkins.org,993-830-1616x7406,2024-12-28 08:56:09
396,Jacob,Farrell,1973-02-15,morgan42@moore.net,214-756-9627x780,2023-02-19 07:12:32
397,Alexandra,Khan,1966-07-27,wharris@luna.com,+1-574-218-6303,2021-02-07 04:18:02
398,Ronald,Gilbert,2001-04-25,kathyhamilton@hotmail.com,+1-554-188-5857x04844,2022-11-02 04:28:34
399,Krystal,Durham,2004-09-01,delacruzevelyn@yahoo.com,602-896-2587x3431,2023-11-02 08:43:36
400,Amanda,Stevenson,1972-07-10,christopherrodriguez@lopez.com,(421)686-3141,2025-07-18 15:41:57
401,Larry,Petersen,1967-08-01,montoyamichael@frost-jacobs.biz,(910)032-3333x23921,2024-01-31 09:56:51
402,Maria,Hayes,1975-07-06,amandanelson@hernandez-costa.com,352-464-6200x72817,2024-05-15 12:53:22
403,Melissa,Brown,1958-07-03,kelly80@gmail.com,001-411-934-6868x0498,2025-08-04 13:15:42
404,Jennifer,Ortiz,1995-08-27,greenpriscilla@gmail.com,001-921-629-9092x408,2020-11-11 06:58:56
405,Danielle,Page,1993-11-21,adamwise@gmail.com,457.401.4424,2025-04-04 11:24:09
406,Michael,Simon,1998-05-29,josephpena@brady.com,(594)971-5204x96332,2022-11-18 06:08:54
407,Kent,Morgan,1977-01-16,christinaklein@hotmail.com,001-556-514-3360x825,2020-10-21 23:37:10
408,Jerry,Page,1978-03-18,yscott@yahoo.com,804.342.5897x104,2023-03-08 02:33:23
409,Aaron,Williams,1985-11-19,cynthia59@harris.com,(251)184-8669x590,2023-05-23 08:46:52
410,Robert,Boone,1996-08-18,katielopez@gmail.com,+1-613-809-7317,2021-09-04 06:31:48
411,Tiffany,Taylor,1991-07-18,llee@chung-sanchez.com,962-005-1641x168,2023-05-19 03:05:56
412,Susan,Jackson,1978-07-12,qpark@yahoo.com,350.500.5982x289,2022-08-27 23:19:07
413,Gina,Thompson,1999-02-06,barnesjamie@yahoo.com,163-450-7353,2023-10-11 06:46:21
414,Melanie,Stein,1995-03-28,swansonbenjamin@yahoo.com,219-422-1716x308,2022-08-18 18:33:09
415,Cody,Boyer,1982-02-14,cannonheather@hotmail.com,572.544.3884x08530,2024-10-07 00:12:10
416,Dylan,Watson,1993-08-09,brandon90@yahoo.com,001-235-109-6122x599,2021-02-06 05:45:35
417,Jeffrey,Mann,2005-05-16,ynichols@valdez.info,947.232.2259x84276,2021-09-22 08:05:51
418,Jessica,Mayo,1984-11-18,chriscarr@mccullough.com,(391)383-4776x06932,2025-07-29 18:58:21
419,Angelica,Vazquez,1978-07-17,parkelizabeth@gmail.com,565.308.9719x8864,2022-08-11 23:13:14
420,Adam,Villanueva,1985-02-06,lweber@gmail.com,(053)314-6718,2020-01-19 07:47:19
421,Christine,Murray,1965-12-17,jason85@gmail.com,(120)793-8634x2080,2024-06-20 08:16:03
422,Alvin,Banks,1993-06-05,vincent41@gmail.com,+1-407-374-5481x66622,2021-06-02 16:48:19
423,James,Morris,1971-03-17,thompsondarius@stephens-williams.com,354-571-0806x47875,2024-10-16 14:54:32
424,Barry,Woodard,1988-07-22,charlesemma@floyd.com,591-296-1362,2020-01-08 04:00:19
425,Robert,Mclaughlin,1957-04-22,zpeterson@pham.com,760.009.7161,2025-05-16 23:50:54
426,Thomas,Wallace,1995-04-17,leahhowell@walker-thomas.net,(263)691-8238,2021-05-14 07:07:17
427,Daniel,Allison,2006-11-19,ewoods@yahoo.com,(309)638-1675,2023-08-02 20:53:22
428,Gary,Rodriguez,1995-06-10,kevin28@gmail.com,(627)422-5157,2022-03-08 04:05:24
429,Barbara,Phillips,1998-09-28,joshuacarney@yahoo.com,+1-775-818-9113x8331,2024-06-05 08:34:57
430,Deborah,Ray,1957-10-17,colleen36@webb-johnson.com,228-162-0088x5438,2025-07-26 07:53:59
431,Paul,Edwards,1975-05-26,farnold@gmail.com,001-167-443-3626x077,2025-04-26 07:22:08
432,Charles,Thomas,1997-07-28,johnhebert@brooks.com,8982836298,2022-03-04 21:58:50
433,Justin,Jimenez,2001-03-22,nhenry@bullock.net,484-463-0808x6262,2025-05-15 10:05:48
434,Holly,Sullivan,1955-01-03,arowland@patrick.info,001-780-261-9978x949,2023-04-13 03:15:31
435,Amy,Stuart,1985-12-30,alex40@kirby-olson.net,741.843.3613,2020-11-21 15:01:14
436,Megan,Oliver,1984-03-26,anthony95@gmail.com,(730)903-9780x42087,2025-06-04 21:01:35
437,Christopher,Baker,1986-05-26,granttorres@miller.biz,+1-647-232-3943x935,2025-01-06 10:55:06
438,Mikayla,Mcpherson,1989-02-12,rtaylor@yahoo.com,817-943-7989x0147,2023-07-08 18:53:41
439,Brian,Rodriguez,2004-11-07,robertsmith@scott.com,+1-669-339-6578x427,2022-10-06 19:03:33
440,Ronnie,Marsh,1992-01-15,ibenitez@turner.com,228-338-6830x69298,2025-08-12 03:04:09
441,Blake,Guzman,1974-08-27,coledaniel@hotmail.com,(958)978-3701x9697,2021-06-26 04:28:38
442,Jamie,Barnett,1997-05-13,nriley@hall.com,724-815-2059x7924,2023-12-02 02:29:51
443,James,Lowe,1960-04-18,bowersbrian@yahoo.com,850.976.6800x150,2024-04-15 10:40:39
444,Kimberly,Huang,1975-10-03,jeffery40@yahoo.com,(999)306-1579,2024-11-07 23:24:06
445,Lisa,Lamb,1999-06-06,vsantiago@yahoo.com,145-487-3523,2025-04-24 19:31:29
446,Edward,Martin,2006-11-02,stephanieyork@singh.com,463.594.6402x9122,2023-02-28 06:37:11
447,Frank,Tran,1963-09-23,riveramark@gmail.com,8376318423,2023-07-29 14:46:35
448,Michele,Mitchell,2005-08-19,derrick61@mitchell.info,+1-907-506-6245x680,2024-01-30 08:58:48
449,Sharon,Alexander,2002-05-13,elizabethmann@yahoo.com,055-054-0401x355,2022-12-11 09:40:45
450,Karen,Cook,1999-04-09,james38@smith.org,846.536.8179,2023-03-10 08:31:24
451,Andrew,Jones,1965-12-08,xscott@gmail.com,(193)456-0762x530,2023-09-10 09:11:51
452,Shannon,Butler,2001-09-23,watkinschristopher@gmail.com,001-660-761-9873x8179,2023-12-13 21:12:41
453,Matthew,Tanner,2003-01-16,hilljames@yahoo.com,614-363-1725x1242,2022-09-27 23:16:09
454,Brandon,Gray,1956-07-25,carrjoshua@thornton.com,596.992.9320,2025-05-25 00:01:28
455,Matthew,Morgan,1973-04-18,rodneycline@martinez.com,001-473-405-2532x75733,2025-02-03 02:50:55
456,Jessica,Harper,2005-11-22,oliverkatie@brooks.com,837-297-3690,2025-02-23 06:59:50
457,Jill,James,1981-10-19,npaul@gmail.com,001-943-308-7970x7207,2024-06-29 00:58:06
458,William,Reynolds,1956-04-10,terrykrystal@price-contreras.org,(428)463-1611,2024-08-07 20:09:15
459,Louis,Roberts,1988-05-13,fwebster@brandt-moore.com,850-740-9042x073,2024-01-16 04:39:11
460,Ryan,Hamilton,1964-07-11,haroldstevens@yahoo.com,299.620.6871,2020-01-12 05:30:31
461,Laura,Brennan,2001-06-06,joseph83@yahoo.com,093-112-4360x577,2021-09-13 23:38:31
462,John,Cruz,1962-04-17,leah33@gmail.com,113-355-6434x104,2023-03-15 06:38:03
463,Kathryn,Hunter,1959-12-13,westmegan@yahoo.com,(692)183-9203x631,2024-08-16 05:14:54
464,Samantha,Johnson,1968-04-09,nelsontimothy@harris.com,001-888-893-3219x97051,2020-09-11 10:37:00
465,Renee,King,2006-06-28,cstout@yahoo.com,(491)013-6407,2021-12-17 22:40:54
466,Tammy,Madden,1999-01-29,briana91@gmail.com,288-476-0912,2024-06-03 02:13:24
467,Mark,Thomas,1960-04-22,manningelijah@larson.com,001-371-170-2981,2025-06-18 12:42:59
468,Paige,May,1967-01-19,pmitchell@hotmail.com,001-203-226-3410x9581,2024-07-15 00:41:35
469,Eric,King,1962-09-01,williamsjames@gmail.com,440.429.0858x85067,2024-01-20 21:57:56
470,Kristin,Sullivan,1999-08-26,mmartinez@hotmail.com,+1-236-788-2824,2023-03-11 08:50:30
471,Darrell,Odom,1957-06-05,xdiaz@gmail.com,+1-347-768-9035x7773,2024-04-05 20:59:01
472,Michelle,Peck,1989-09-09,martinezkelly@yahoo.com,1571000193,2023-04-02 00:08:38
473,David,Steele,1972-03-14,tcarroll@austin.biz,(228)662-4212,2022-06-30 10:43:07
474,Rachel,Silva,1974-02-12,mwinters@tucker-garza.biz,(991)981-9416,2021-06-07 01:17:09
475,Marc,Whitaker,1970-09-04,michaelmccann@hotmail.com,(192)131-7345x22074,2024-09-04 20:02:54
476,Nicholas,Rose,1976-03-04,nelsontracy@gmail.com,746-265-8886,2025-03-08 23:55:44
477,Anna,Knight,1985-12-18,johngriffith@hotmail.com,(657)439-2974x8921,2023-09-20 06:50:36
478,Glen,Torres,1984-02-16,gabrielcortez@yahoo.com,(591)744-1188,2023-05-19 15:22:43
479,Jason,Carter,2005-07-31,jay89@wells-roberts.com,681-017-4865x317,2021-04-19 08:19:14
480,Elizabeth,Bates,1971-10-23,mpineda@gmail.com,801-780-9164x737,2021-02-25 20:04:09
481,Rebecca,Howell,1974-06-20,clarkabigail@gmail.com,(969)180-5623x5848,2022-08-21 04:48:52
482,Morgan,Simmons,1998-05-02,moorejennifer@davis.com,001-077-922-5747,2024-11-13 05:27:16
483,Maria,Gibson,1955-05-23,cheryl86@yahoo.com,126.134.2027x968,2023-11-17 01:35:44
484,Debra,Shelton,2002-03-05,kaylalee@yahoo.com,197-924-1475x8297,2022-05-23 11:10:29
485,Michelle,Diaz,1961-09-22,daniel93@gmail.com,268-951-0396x7075,2023-04-13 06:39:44
486,Matthew,Ellis,2005-08-04,jordan45@colon-miller.biz,+1-361-281-5899x8080,2025-04-13 17:21:04
487,David,Dixon,1965-06-19,justin21@jimenez.info,764.072.9210x15197,2021-04-06 07:59:23
488,Andrew,Ortiz,1979-12-01,lscott@gmail.com,113.421.8473,2024-05-13 21:07:38
489,Jennifer,Stewart,1955-02-13,xrodriguez@yahoo.com,651.135.4807x130,2024-12-11 14:57:01
490,John,Freeman,1963-10-30,gerickson@harris.com,001-355-929-1770x93379,2022-06-26 15:50:20
491,Margaret,Long,1990-03-23,kmorgan@hotmail.com,001-254-844-4956x428,2020-10-28 07:29:33
492,Doris,Cole,2003-12-08,umitchell@hotmail.com,7366079519,2023-07-03 15:12:55
493,Heather,Bailey,1995-01-18,brianwebb@cowan.org,001-122-907-5495x6577,2020-07-24 18:17:39
494,Alexandra,Guzman,1958-08-19,rfarmer@hotmail.com,761-443-0978,2020-07-22 13:27:58
495,David,Lester,1992-11-22,wnelson@sawyer.biz,098-722-6210,2022-03-03 21:59:45
496,Amanda,Nelson,1958-11-24,griffinjennifer@thomas.com,(039)669-2814x614,2020-08-02 10:12:35
497,Stephen,Nelson,1970-08-06,eric85@morrison-martinez.com,341-219-9079,2020-08-14 07:27:14
498,Sandra,Garcia,1987-02-04,yadams@figueroa.com,092-885-2891x899,2021-08-09 04:19:49
499,Kimberly,Noble,2002-07-23,cmatthews@yahoo.com,725-458-8044x683,2023-03-03 21:48:35
500,William,Mullen,1980-05-19,lucasstewart@holloway.com,907-103-5492x5282,2021-02-04 20:30:39
