loan_id,customer_id,loan_amount,interest_rate,start_date,end_date,status
1,7,42202.06,5.54,2023-03-15,2025-04-08,defaulted
2,65,27376.78,13.71,2021-08-24,2023-04-07,active
3,466,10799.21,10.7,2022-07-31,2026-07-25,active
4,196,13938.46,5.72,2024-11-13,2027-03-01,closed
5,190,30576.73,6.14,2023-11-08,2026-01-17,closed
6,283,40803.96,3.95,2024-06-11,2027-02-22,active
7,203,2939.66,6.89,2022-09-03,2023-02-24,defaulted
8,321,20718.42,7.83,2022-05-27,2026-11-29,closed
9,292,27512.06,14.89,2022-05-08,2025-11-24,closed
10,347,32092.39,11.2,2021-04-24,2024-04-11,defaulted
11,102,26831.78,4.12,2022-01-22,2026-05-08,defaulted
12,217,39249.15,7.72,2023-12-22,2026-08-31,defaulted
13,25,1318.1,6.85,2023-09-20,2024-12-29,closed
14,106,30634.36,13.3,2025-05-10,2027-01-16,active
15,108,13330.55,8.18,2020-11-19,2021-01-17,closed
16,199,23705.29,11.68,2022-11-24,2024-11-11,closed
17,444,30077.0,9.83,2024-04-29,2027-07-09,defaulted
18,457,37075.75,9.26,2022-07-24,2027-02-09,closed
19,374,35955.92,11.69,2021-04-15,2023-10-03,defaulted
20,427,30308.73,4.39,2020-10-22,2026-11-22,defaulted
21,180,49033.6,13.66,2022-03-17,2024-08-03,defaulted
22,138,12094.94,5.15,2024-02-11,2024-09-17,defaulted
23,281,19365.92,3.11,2023-03-18,2025-06-01,defaulted
24,459,19553.88,7.59,2021-04-29,2022-09-15,defaulted
25,79,7396.85,9.26,2023-03-24,2026-11-09,defaulted
26,253,19391.51,6.13,2024-11-06,2025-07-11,defaulted
27,385,38045.52,13.59,2023-12-07,2027-01-26,defaulted
28,72,6560.95,5.77,2024-11-28,2026-08-05,closed
29,305,44366.27,4.2,2023-03-04,2024-04-30,defaulted
30,275,14766.89,6.02,2025-08-12,2025-11-03,closed
31,352,16023.39,12.12,2023-01-07,2024-11-30,defaulted
32,189,14549.72,3.05,2024-05-17,2024-06-30,closed
33,79,36795.17,9.37,2021-02-15,2021-04-03,closed
34,112,12220.3,12.13,2024-09-01,2027-04-10,defaulted
35,443,47387.06,13.32,2020-08-20,2027-04-21,active
36,411,8197.7,11.03,2021-02-09,2027-06-12,active
37,359,32889.84,3.57,2021-04-02,2023-05-16,closed
38,146,43186.12,10.54,2023-03-16,2024-05-15,defaulted
39,388,35399.25,8.22,2021-10-13,2023-08-03,active
40,89,13470.07,5.84,2022-10-21,2024-05-23,closed
41,364,25638.85,7.22,2022-04-29,2025-12-15,closed
42,58,14137.4,7.6,2024-08-18,2026-04-17,closed
43,364,48846.82,13.98,2024-07-12,2027-06-20,active
44,229,36573.18,12.78,2020-09-26,2025-04-04,defaulted
45,75,14673.44,11.34,2025-04-29,2027-06-23,defaulted
46,212,28004.22,8.47,2020-12-24,2024-03-13,closed
47,219,44145.39,4.51,2023-04-27,2024-06-25,defaulted
48,99,27596.99,11.17,2022-10-25,2025-08-19,closed
49,419,23567.0,12.79,2025-06-16,2025-09-07,closed
50,26,36542.27,10.74,2021-05-07,2024-07-03,closed
51,195,33869.48,9.03,2021-06-08,2022-06-16,closed
52,122,43959.09,12.05,2020-09-20,2022-10-04,active
53,7,4757.44,4.02,2021-02-04,2023-10-25,defaulted
54,400,26456.56,7.7,2024-08-30,2025-03-04,defaulted
55,457,32064.14,9.35,2024-05-03,2024-05-09,defaulted
56,275,30481.42,4.87,2025-04-26,2027-02-04,closed
57,167,4667.96,3.73,2025-05-13,2027-05-24,closed
58,432,10433.3,13.17,2023-03-15,2026-04-27,closed
59,323,27300.84,4.95,2020-11-06,2020-12-11,defaulted
60,150,41555.88,8.63,2023-01-22,2024-01-09,defaulted
61,138,39592.67,14.38,2020-11-01,2027-06-14,active
62,130,36118.4,9.48,2023-01-03,2023-06-06,defaulted
63,418,47730.71,7.33,2020-08-21,2027-05-04,closed
64,268,7239.82,11.17,2021-10-19,2027-02-24,closed
65,104,44744.04,6.22,2021-06-03,2026-11-09,defaulted
66,285,2596.55,10.07,2021-04-14,2026-04-30,defaulted
67,303,41037.79,12.57,2023-08-29,2024-04-06,closed
68,110,41503.11,11.97,2023-07-12,2027-06-25,active
69,44,17648.34,7.5,2022-01-04,2024-11-20,closed
70,484,14613.99,10.01,2022-12-20,2026-08-12,defaulted
71,155,23163.22,12.64,2024-11-07,2027-03-31,defaulted
72,241,48558.09,13.74,2024-10-06,2026-01-23,defaulted
73,221,16393.83,7.39,2023-02-26,2023-06-30,closed
74,252,46799.26,7.94,2020-08-23,2024-10-23,active
75,328,25440.0,14.32,2022-07-10,2026-02-06,closed
76,480,38376.43,13.34,2020-10-08,2022-01-01,active
77,363,1346.21,13.64,2020-09-03,2021-08-28,active
78,26,19885.61,6.73,2021-10-12,2021-12-31,active
79,303,23055.14,4.17,2024-05-18,2024-08-25,active
80,239,48476.32,12.04,2025-06-19,2027-04-23,active
81,141,31971.76,10.5,2023-06-27,2025-03-31,closed
82,247,47889.47,8.21,2022-02-15,2027-02-02,defaulted
83,256,7914.4,9.25,2023-03-24,2025-04-12,active
84,50,38909.0,3.45,2022-06-29,2024-11-14,defaulted
85,28,14311.28,10.62,2023-03-04,2025-11-07,defaulted
86,493,14258.91,3.08,2023-10-13,2025-04-07,closed
87,199,40257.66,3.28,2021-04-29,2026-06-23,defaulted
88,224,22457.09,8.91,2024-04-08,2024-10-04,active
89,238,48323.15,6.2,2024-12-08,2025-01-25,closed
90,199,8947.2,11.25,2020-10-23,2022-07-05,defaulted
91,359,38741.02,12.01,2021-12-19,2025-07-25,defaulted
92,345,11685.34,10.0,2024-08-01,2026-08-27,closed
93,460,33446.55,3.42,2021-08-30,2022-02-12,closed
94,297,13466.32,6.68,2024-04-11,2025-10-25,closed
95,408,29233.54,12.42,2021-05-20,2021-07-31,active
96,368,13806.88,5.61,2022-12-26,2023-08-11,active
97,218,17759.56,13.05,2022-03-04,2025-03-27,defaulted
98,481,2900.09,10.87,2020-08-18,2022-04-22,active
99,109,41616.08,8.95,2024-10-13,2025-12-29,active
100,325,7048.39,6.08,2021-10-23,2024-08-09,defaulted
101,141,30296.9,10.21,2025-04-12,2025-08-12,closed
102,148,25456.58,4.56,2025-04-30,2025-05-28,defaulted
103,476,39866.77,7.72,2022-11-15,2024-10-05,closed
104,8,29124.25,5.33,2021-09-30,2024-05-27,defaulted
105,292,14115.99,11.52,2022-08-01,2024-11-29,active
106,465,34069.59,12.6,2023-08-24,2026-06-03,closed
107,17,37521.47,5.55,2025-01-24,2025-11-16,active
108,434,27829.99,11.4,2021-09-30,2026-11-27,defaulted
109,309,38877.26,11.97,2022-10-04,2027-03-12,active
110,451,43472.91,6.17,2024-02-09,2027-04-13,defaulted
111,263,49730.79,10.65,2021-09-16,2026-07-12,defaulted
112,326,18592.45,6.07,2024-08-18,2026-02-08,defaulted
113,399,3281.47,7.28,2021-11-09,2024-08-03,closed
114,309,30327.96,3.43,2022-02-15,2024-11-11,defaulted
115,180,2685.15,6.87,2021-09-18,2026-02-13,defaulted
116,223,8062.32,14.13,2020-08-23,2020-10-08,closed
117,190,23088.27,3.73,2022-02-23,2026-05-07,active
118,453,47004.44,11.64,2024-03-27,2027-06-20,defaulted
119,416,40187.23,14.37,2021-09-15,2026-05-15,active
120,405,48336.28,3.02,2022-06-11,2022-09-26,defaulted
121,354,6903.54,14.53,2021-04-04,2022-01-05,active
122,361,35899.52,12.1,2022-09-22,2026-07-15,defaulted
123,493,46242.28,14.7,2020-09-15,2021-04-24,defaulted
124,496,3125.35,6.69,2023-10-12,2024-08-09,active
125,472,3426.82,11.92,2021-05-27,2021-06-07,closed
126,447,13483.54,7.66,2024-05-24,2027-02-18,defaulted
127,155,29699.16,5.53,2021-05-26,2025-02-15,closed
128,464,19367.28,14.63,2023-07-24,2027-04-13,defaulted
129,125,44036.35,6.6,2023-11-02,2025-08-15,closed
130,358,4004.46,12.55,2022-07-01,2027-02-13,closed
131,469,13153.19,5.01,2021-04-23,2022-02-12,closed
132,178,46995.69,11.1,2021-11-20,2022-09-04,defaulted
133,199,24781.79,11.77,2024-06-26,2026-12-12,closed
134,126,9578.31,3.85,2021-02-28,2021-10-18,closed
135,419,3870.48,5.39,2022-02-01,2026-10-09,active
136,301,13214.95,3.0,2023-11-05,2023-11-29,closed
137,220,36561.48,7.12,2021-03-05,2024-04-22,defaulted
138,46,43315.29,9.95,2024-04-13,2025-01-01,closed
139,10,20597.36,8.79,2022-01-23,2026-09-12,defaulted
140,480,4476.91,9.24,2023-03-12,2026-03-09,closed
141,170,16801.16,3.06,2025-05-20,2027-01-12,defaulted
142,281,20109.38,5.15,2021-02-02,2024-02-29,defaulted
143,218,39215.14,4.27,2024-05-17,2026-02-28,defaulted
144,118,29545.4,10.36,2022-07-22,2022-09-28,defaulted
145,113,49597.49,13.89,2025-05-13,2027-06-28,closed
146,48,33725.62,12.57,2020-10-22,2026-10-30,closed
147,233,36521.69,14.27,2024-01-30,2026-06-10,closed
148,437,3300.41,5.18,2025-07-22,2026-03-27,closed
149,423,12571.89,4.33,2022-05-23,2023-02-19,closed
150,157,7501.56,11.29,2022-05-24,2023-09-13,defaulted
151,434,41194.88,8.02,2021-03-31,2023-06-19,closed
152,68,31473.79,13.06,2023-10-07,2024-07-26,defaulted
153,54,44262.75,7.29,2020-12-01,2025-12-04,active
154,227,22754.19,9.65,2025-04-05,2025-04-14,defaulted
155,240,4259.07,9.44,2021-08-31,2021-09-16,active
156,201,46180.8,8.01,2021-07-28,2024-09-07,closed
157,150,10530.82,14.35,2024-08-05,2027-03-13,active
158,356,15538.44,3.26,2024-04-16,2026-04-23,active
159,188,7472.54,11.19,2024-01-09,2024-09-25,active
160,83,26430.82,8.47,2025-08-14,2026-05-23,closed
161,156,16628.57,6.05,2020-10-22,2024-09-28,closed
162,33,18968.05,13.16,2025-02-16,2025-08-28,defaulted
163,307,11830.79,11.69,2021-10-27,2022-02-25,active
164,106,36357.11,9.11,2021-07-12,2027-06-14,closed
165,365,10694.2,12.77,2022-04-26,2026-07-28,active
166,370,8077.5,12.4,2025-07-09,2026-09-16,closed
167,441,11650.11,12.33,2023-08-15,2026-10-17,defaulted
168,123,15501.64,7.0,2022-11-14,2023-10-04,active
169,71,19253.3,3.91,2025-07-09,2026-04-24,closed
170,90,27458.56,3.8,2022-04-24,2025-01-30,active
171,44,43552.93,5.66,2024-12-24,2027-02-28,active
172,108,25485.8,11.22,2024-01-16,2025-02-13,defaulted
173,131,39149.73,6.63,2023-10-21,2026-12-17,defaulted
174,435,43572.28,9.66,2024-05-23,2026-02-23,closed
175,22,29397.08,13.3,2022-01-08,2022-05-30,active
176,152,7150.53,11.15,2025-04-20,2026-05-27,active
177,400,17881.81,13.84,2021-01-02,2023-06-23,active
178,333,19954.73,3.76,2021-08-17,2025-02-22,defaulted
179,443,49337.5,6.74,2021-12-22,2025-01-06,closed
180,331,32085.33,13.62,2022-09-03,2026-10-28,closed
181,333,10234.25,3.99,2021-01-21,2024-04-29,closed
182,201,36549.35,11.02,2024-12-08,2027-06-15,closed
183,248,19726.17,7.42,2024-07-12,2024-12-16,closed
184,104,40218.27,3.96,2022-09-27,2024-12-21,active
185,108,13469.69,11.65,2023-05-14,2024-10-29,defaulted
186,158,6000.84,14.06,2020-11-15,2023-10-27,defaulted
187,288,10904.76,10.79,2020-10-12,2022-12-05,defaulted
188,314,35903.79,14.18,2024-01-24,2026-04-06,active
189,3,42491.13,7.33,2024-01-15,2025-10-05,closed
190,134,16050.15,3.4,2022-10-03,2026-09-15,defaulted
191,319,10209.64,9.74,2025-08-05,2027-07-31,closed
192,369,46495.95,14.55,2025-06-14,2026-01-29,closed
193,450,13083.08,7.41,2025-07-22,2026-10-24,defaulted
194,179,47165.57,9.61,2021-05-26,2025-02-12,closed
195,484,12848.91,3.73,2021-12-17,2022-03-01,closed
196,267,28784.48,13.12,2024-10-21,2026-06-14,closed
197,381,47545.18,6.13,2023-05-04,2027-06-01,closed
198,306,19262.81,6.58,2025-04-22,2025-05-03,defaulted
199,287,42234.45,9.52,2024-11-11,2026-02-13,active
200,341,16889.4,10.72,2024-08-17,2025-06-21,defaulted
201,345,11609.23,4.46,2025-01-26,2026-11-17,defaulted
202,355,47634.19,9.07,2025-03-24,2026-03-02,defaulted
203,418,38186.75,8.67,2022-10-13,2027-02-06,defaulted
204,334,30716.5,12.89,2022-05-31,2025-02-21,closed
205,170,22601.77,13.97,2025-04-05,2025-10-20,closed
206,73,41669.13,11.29,2022-07-25,2027-05-16,active
207,473,34116.22,4.62,2020-08-16,2022-08-14,closed
208,141,4603.7,14.46,2022-11-27,2027-01-01,active
209,257,18170.02,6.34,2022-05-17,2024-11-17,active
210,473,44732.45,4.49,2022-03-02,2024-06-15,active
211,397,37047.58,6.39,2025-06-01,2026-11-22,defaulted
212,231,33701.13,9.57,2024-11-06,2025-08-25,defaulted
213,415,3809.71,10.25,2023-07-09,2023-10-14,active
214,363,32629.61,9.47,2021-12-13,2022-07-30,closed
215,359,8812.12,12.03,2021-02-14,2023-12-17,defaulted
216,122,20648.38,10.19,2023-07-01,2024-01-01,closed
217,119,40916.74,13.06,2021-05-27,2024-02-21,defaulted
218,84,19616.29,12.93,2023-05-27,2027-02-06,defaulted
219,210,18992.17,14.77,2025-06-05,2026-04-06,closed
220,7,38244.47,11.53,2021-10-04,2023-08-16,active
221,352,5596.37,5.18,2024-06-16,2025-05-02,active
222,172,34570.95,13.13,2021-11-03,2024-01-14,active
223,233,31152.64,13.2,2021-05-12,2022-10-03,defaulted
224,229,34264.01,5.6,2023-05-10,2025-04-10,defaulted
225,422,30148.13,10.6,2021-02-14,2027-01-25,closed
226,243,45033.32,13.64,2023-02-04,2024-12-16,defaulted
227,433,35993.75,11.95,2021-04-30,2027-05-19,active
228,120,28958.02,9.12,2022-09-11,2027-05-31,defaulted
229,177,31785.18,9.05,2021-08-27,2026-01-08,closed
230,174,40994.12,7.7,2025-05-13,2026-12-02,closed
231,279,26093.98,5.68,2024-05-04,2026-05-13,closed
232,197,6119.2,6.15,2025-04-22,2025-11-05,active
233,308,14650.78,9.19,2023-10-17,2025-02-03,defaulted
234,232,19715.91,12.04,2022-11-18,2024-12-30,active
235,368,13601.07,14.02,2022-01-03,2026-11-21,closed
236,87,35122.94,11.83,2023-08-13,2024-12-26,active
237,462,24769.3,14.44,2024-09-09,2026-07-28,active
238,215,7293.46,8.44,2025-02-03,2026-10-29,active
239,36,23669.94,9.55,2022-03-29,2024-08-04,defaulted
240,60,29692.34,9.16,2022-07-07,2026-07-13,closed
241,196,26699.87,8.27,2021-12-18,2023-10-29,closed
242,266,24822.91,5.94,2021-05-01,2024-03-30,active
243,111,9971.23,13.97,2024-04-11,2026-06-01,active
244,249,24603.97,6.23,2024-02-29,2026-10-31,defaulted
245,314,35648.71,6.65,2023-01-07,2024-12-06,active
246,320,39242.1,6.48,2023-08-29,2024-01-18,defaulted
247,495,18924.84,8.14,2021-03-20,2024-05-02,defaulted
248,295,42720.2,3.9,2024-12-14,2025-12-16,defaulted
249,274,38336.66,9.38,2022-03-21,2024-09-22,defaulted
250,293,47331.73,13.43,2021-08-28,2021-11-20,closed
251,191,27892.48,9.06,2022-03-30,2024-06-22,closed
252,335,3530.37,8.56,2022-05-20,2025-10-26,closed
253,398,22339.53,12.2,2021-01-27,2025-10-08,defaulted
254,431,19054.46,11.5,2025-02-11,2025-07-31,closed
255,161,13557.6,11.79,2022-08-21,2027-07-04,active
256,394,20199.74,10.17,2022-05-29,2026-02-07,closed
257,223,40276.57,8.79,2022-11-02,2024-06-01,closed
258,257,31075.66,6.51,2020-11-10,2026-08-20,closed
259,219,44597.0,11.37,2022-03-01,2025-04-25,closed
260,368,37883.56,3.47,2023-01-29,2024-12-28,active
261,63,24447.08,8.74,2021-10-28,2025-06-26,defaulted
262,298,15150.54,13.99,2021-11-24,2023-08-10,active
263,104,26027.23,5.03,2020-11-08,2025-09-29,defaulted
264,448,16258.57,10.96,2022-12-08,2025-11-12,active
265,36,49421.13,13.97,2022-02-21,2023-12-06,defaulted
266,309,1419.61,14.35,2024-04-28,2027-03-12,closed
267,62,31094.46,14.58,2022-09-03,2022-10-29,closed
268,168,41533.87,7.97,2023-05-16,2025-11-25,closed
269,253,2137.3,4.36,2022-07-10,2026-01-03,active
270,151,28885.48,7.94,2022-09-04,2024-05-15,closed
271,118,3394.31,9.27,2024-09-14,2027-02-28,closed
272,75,14976.5,5.81,2022-06-06,2026-02-19,defaulted
273,442,41567.44,13.41,2021-11-03,2024-08-11,active
274,425,21136.24,6.87,2023-08-16,2027-06-03,closed
275,393,23880.67,5.44,2022-03-31,2026-03-28,defaulted
276,285,46622.77,8.75,2021-03-11,2022-05-22,closed
277,89,19019.56,8.48,2023-04-27,2024-09-26,defaulted
278,92,4834.39,5.76,2022-01-28,2026-12-11,defaulted
279,281,49825.7,3.16,2023-05-24,2027-02-18,active
280,133,22833.78,12.72,2024-03-16,2026-03-19,defaulted
281,114,36645.19,4.46,2024-10-19,2025-12-30,closed
282,470,28345.55,3.56,2023-12-04,2027-02-28,defaulted
283,65,30126.67,7.64,2024-12-25,2025-04-01,closed
284,410,29189.84,10.24,2022-08-21,2025-11-11,defaulted
285,184,32404.6,13.96,2023-03-06,2023-08-20,active
286,259,28220.28,12.05,2021-05-13,2022-07-29,closed
287,112,7799.36,3.31,2025-01-18,2025-06-20,active
288,466,16931.45,5.11,2022-10-15,2023-07-31,active
289,488,15765.42,6.4,2021-08-04,2023-05-30,active
290,393,8971.21,3.91,2024-12-20,2026-09-09,closed
291,495,5420.22,11.58,2021-01-12,2025-09-21,closed
292,353,42317.63,13.28,2025-04-23,2026-04-03,defaulted
293,98,23198.72,13.33,2025-06-06,2026-07-18,closed
294,445,26667.87,3.28,2022-02-10,2022-10-03,active
295,351,7617.09,10.74,2025-06-11,2025-06-23,active
296,73,27127.41,12.35,2025-04-27,2025-06-20,defaulted
297,128,25838.16,11.98,2025-07-06,2026-11-16,closed
298,62,24279.95,3.94,2025-02-10,2026-11-10,active
299,344,12645.83,6.57,2022-11-09,2024-09-10,closed
300,8,21087.31,11.38,2021-10-15,2022-09-02,defaulted
301,375,3870.56,5.67,2023-10-23,2025-09-24,defaulted
302,13,16276.92,5.23,2022-03-28,2025-04-25,active
303,201,44286.65,6.71,2021-07-08,2024-10-11,active
304,39,30112.68,7.77,2025-03-05,2027-01-01,closed
305,156,17468.81,4.62,2023-09-24,2024-01-01,active
306,451,36474.64,6.79,2023-05-18,2026-07-04,active
307,144,49616.96,8.87,2024-12-10,2025-01-25,defaulted
308,209,4929.6,11.38,2021-03-10,2021-10-25,closed
309,189,14901.36,11.23,2024-10-04,2025-03-30,defaulted
310,454,18340.12,9.57,2023-10-10,2025-06-18,defaulted
311,180,33566.67,13.04,2024-09-04,2027-05-06,defaulted
312,163,26034.49,6.25,2021-11-29,2022-07-13,defaulted
313,325,4125.26,6.54,2025-02-04,2026-08-06,closed
314,87,17530.84,7.37,2023-12-31,2026-04-21,active
315,73,45697.41,11.73,2025-08-11,2025-08-15,closed
316,224,24309.98,7.62,2021-09-12,2023-05-19,defaulted
317,57,21225.45,5.86,2023-11-12,2026-08-21,closed
318,260,37197.21,7.23,2024-04-29,2025-04-24,active
319,403,27919.63,6.78,2025-07-06,2025-10-07,closed
320,287,4870.58,10.79,2023-04-14,2027-04-21,active
321,291,19339.9,6.18,2023-05-30,2027-03-17,active
322,315,31887.21,5.21,2024-11-07,2025-01-09,active
323,297,38218.11,6.66,2022-04-15,2023-02-09,closed
324,50,34815.7,13.67,2023-01-31,2024-04-29,active
325,77,40873.8,4.34,2025-04-01,2026-07-05,active
326,159,17316.05,11.17,2022-03-08,2023-08-27,closed
327,392,11525.46,3.39,2025-05-01,2026-10-11,closed
328,438,35127.99,9.71,2024-10-31,2025-02-18,defaulted
329,175,36358.68,3.37,2024-02-02,2026-02-14,active
330,498,17035.55,12.61,2021-11-25,2022-12-19,defaulted
331,279,45219.62,4.8,2025-02-18,2027-04-25,defaulted
332,244,49044.92,7.62,2020-10-15,2020-12-09,defaulted
333,258,42009.9,13.54,2022-03-28,2026-03-09,active
334,244,24919.42,3.35,2022-08-13,2024-01-01,defaulted
335,92,42204.82,4.6,2021-08-17,2024-06-27,defaulted
336,49,3255.81,11.08,2025-05-16,2025-06-30,active
337,347,30870.22,14.24,2021-05-04,2027-02-12,closed
338,447,26610.46,11.24,2024-09-28,2025-11-18,active
339,223,17930.06,6.64,2025-02-08,2027-07-14,active
340,99,28028.3,8.13,2022-12-31,2026-09-05,defaulted
341,143,13692.56,14.83,2020-11-22,2026-04-09,defaulted
342,25,1759.55,9.88,2023-02-18,2025-07-25,active
343,472,49697.47,7.17,2022-12-22,2024-11-20,active
344,497,21898.24,9.59,2021-03-02,2027-04-02,closed
345,77,33877.81,14.08,2022-08-18,2027-06-10,defaulted
346,85,7282.77,11.9,2024-01-27,2024-12-16,closed
347,132,22681.98,14.26,2025-01-04,2027-03-23,defaulted
348,293,36093.08,4.3,2020-08-17,2027-06-17,defaulted
349,153,4702.29,5.83,2021-09-15,2025-12-24,active
350,278,41009.55,9.26,2021-03-04,2021-03-11,active
351,224,20178.75,6.58,2021-06-11,2024-01-02,active
352,350,4874.56,14.98,2022-08-06,2024-04-20,active
353,494,48827.4,4.84,2023-10-01,2024-11-24,active
354,193,44674.16,3.29,2024-04-28,2026-09-28,closed
355,391,18246.17,3.27,2023-12-10,2025-01-28,defaulted
356,500,12246.23,6.18,2025-06-26,2027-06-10,active
357,237,17059.04,6.59,2023-05-17,2024-03-30,defaulted
358,12,39210.68,3.39,2020-11-16,2026-12-09,defaulted
359,140,29364.53,3.82,2021-12-02,2023-11-09,closed
360,67,41417.29,12.05,2023-12-08,2026-04-01,defaulted
361,265,41378.56,14.79,2025-04-22,2025-07-30,active
362,370,45972.86,3.69,2021-10-07,2027-04-20,defaulted
363,398,29530.06,11.06,2024-07-24,2027-04-11,defaulted
364,337,7519.86,6.77,2023-08-11,2025-09-21,active
365,259,46933.92,6.65,2025-06-19,2025-07-18,defaulted
366,258,15848.16,7.58,2022-04-01,2026-09-16,defaulted
367,237,39659.79,8.55,2022-01-17,2025-08-31,defaulted
368,83,43344.23,6.25,2022-08-17,2023-10-23,defaulted
369,318,38677.41,3.92,2022-12-03,2023-12-16,active
370,41,7351.29,12.43,2022-05-23,2023-12-18,active
371,439,36955.88,9.13,2025-06-27,2025-10-07,active
372,104,38760.91,11.17,2022-03-18,2023-01-20,active
373,237,9787.55,13.41,2022-04-08,2026-09-16,defaulted
374,57,5130.1,6.82,2023-12-09,2024-10-22,closed
375,210,34949.8,13.47,2021-03-12,2026-06-25,closed
376,269,43060.51,11.61,2022-04-01,2024-06-12,active
377,411,2539.62,9.12,2025-01-31,2026-02-17,defaulted
378,189,4847.18,9.51,2024-09-29,2026-06-29,defaulted
379,9,33247.16,10.9,2025-04-30,2027-03-19,closed
380,334,10127.27,12.48,2025-06-05,2027-01-01,active
381,474,12749.3,6.54,2024-09-14,2027-08-06,active
382,200,46671.91,10.55,2021-04-06,2027-05-07,defaulted
383,483,20083.0,6.32,2021-10-09,2022-08-05,active
384,54,33868.41,14.56,2025-06-08,2027-06-02,active
385,375,48842.21,10.37,2022-03-25,2023-01-31,defaulted
386,230,7045.51,4.89,2025-06-26,2026-09-29,active
387,487,41708.92,5.86,2022-10-04,2023-04-22,active
388,266,44733.28,12.72,2021-04-26,2026-04-14,closed
389,265,5953.52,13.38,2020-10-08,2024-03-22,defaulted
390,253,47184.46,13.1,2023-12-22,2027-06-09,active
391,94,29838.85,14.75,2023-08-15,2026-08-13,defaulted
392,352,42001.9,9.7,2023-06-09,2024-01-27,closed
393,429,22407.14,9.32,2021-08-31,2022-05-11,closed
394,168,31702.45,11.93,2021-09-21,2023-07-24,active
395,335,12191.69,12.99,2020-12-11,2021-06-18,defaulted
396,65,15898.33,4.74,2022-04-15,2023-12-20,closed
397,487,22717.24,14.22,2021-09-03,2024-09-28,active
398,74,24258.81,5.55,2024-08-11,2027-03-18,active
399,260,14573.34,6.69,2024-07-05,2027-03-01,closed
400,362,34039.68,10.41,2021-05-13,2023-03-10,defaulted
401,201,46828.33,7.48,2023-03-20,2025-10-13,active
402,222,42099.36,10.57,2024-03-12,2024-12-22,closed
403,343,41194.54,6.77,2024-12-08,2025-02-04,closed
404,122,7813.03,11.61,2023-11-06,2023-11-14,closed
405,389,40444.95,11.89,2021-11-09,2024-04-18,defaulted
406,372,23860.51,13.96,2024-11-13,2025-04-26,active
407,134,45129.19,8.19,2021-11-30,2023-05-05,closed
408,107,46753.51,14.6,2021-11-30,2023-06-21,defaulted
409,25,28198.34,10.41,2020-11-18,2026-03-23,defaulted
410,41,1244.4,11.21,2020-10-02,2022-06-02,active
411,483,43079.26,12.91,2023-09-24,2026-01-02,active
412,87,42697.18,3.77,2024-09-30,2024-10-24,defaulted
413,6,47252.33,3.41,2021-12-07,2026-04-20,active
414,266,25983.97,9.93,2025-01-04,2025-05-13,closed
415,178,45495.8,12.05,2023-03-09,2023-09-10,closed
416,39,25265.05,8.04,2025-01-27,2026-03-09,closed
417,147,32011.08,10.88,2021-09-20,2026-11-26,active
418,201,32914.52,14.66,2022-08-24,2023-12-14,defaulted
419,454,36621.08,9.76,2022-08-23,2027-08-11,closed
420,128,32965.23,9.03,2024-03-26,2026-11-27,active
421,116,34143.27,9.64,2024-08-12,2024-11-30,defaulted
422,217,41989.03,6.07,2023-02-03,2026-10-04,active
423,391,47649.81,7.68,2025-01-29,2026-02-05,defaulted
424,297,37330.29,4.33,2023-04-25,2024-07-18,active
425,67,9728.46,10.18,2021-11-25,2025-10-05,closed
426,40,24000.45,14.85,2023-08-21,2023-11-27,closed
427,284,45125.44,3.74,2022-03-28,2022-10-11,closed
428,33,44676.99,14.13,2025-03-17,2025-08-04,active
429,391,35297.85,9.97,2025-07-18,2027-04-16,closed
430,492,27449.82,8.56,2024-05-23,2025-06-12,closed
431,203,26106.51,3.67,2022-11-30,2025-10-26,closed
432,21,25722.8,9.8,2023-07-19,2024-01-29,defaulted
433,391,20635.52,12.14,2021-01-25,2023-01-04,active
434,367,37873.53,8.87,2021-12-03,2023-04-06,active
435,158,33396.74,10.16,2022-02-04,2022-02-18,active
436,76,28452.3,5.66,2022-02-09,2023-03-12,defaulted
437,32,46959.06,10.87,2023-07-14,2025-06-19,active
438,296,47652.39,6.53,2025-07-07,2026-06-07,defaulted
439,168,32612.69,13.67,2020-12-03,2026-01-07,defaulted
440,356,25869.17,13.61,2021-04-10,2021-08-28,active
441,39,9149.65,8.46,2023-02-10,2024-08-10,closed
442,200,20585.98,8.75,2021-05-26,2022-10-24,defaulted
443,403,8847.03,3.75,2022-04-19,2025-12-01,closed
444,238,11019.1,6.68,2025-05-09,2025-07-16,defaulted
445,451,44477.89,7.22,2024-09-10,2027-01-30,closed
446,21,28324.89,4.66,2021-12-28,2027-06-22,closed
447,481,45865.44,3.79,2023-04-24,2026-07-01,closed
448,24,31059.99,11.83,2021-12-05,2024-12-16,active
449,485,36954.52,8.05,2024-04-20,2024-05-11,active
450,73,35427.39,9.2,2022-08-21,2027-08-01,closed
451,60,41151.02,7.79,2024-12-12,2027-07-30,closed
452,30,9719.19,7.68,2025-05-29,2025-11-29,active
453,4,49987.71,12.22,2021-07-28,2025-08-01,closed
454,184,31579.13,6.64,2024-01-30,2026-08-17,active
455,219,1096.09,4.76,2023-11-03,2027-06-13,defaulted
456,79,16154.02,14.93,2024-02-01,2024-09-16,closed
457,377,23478.57,7.89,2023-02-26,2026-10-01,closed
458,307,38206.91,4.28,2024-06-19,2027-06-12,active
459,19,25095.73,8.0,2021-08-22,2027-01-24,closed
460,126,41339.54,8.25,2025-01-02,2026-07-01,active
461,197,24634.89,4.09,2024-02-11,2025-05-30,closed
462,218,42228.09,13.2,2023-08-23,2025-12-26,defaulted
463,260,2885.6,13.85,2023-09-09,2024-09-13,closed
464,3,28273.02,3.87,2025-04-01,2026-11-07,defaulted
465,321,12956.83,8.24,2024-11-30,2026-04-05,defaulted
466,418,14178.75,10.23,2021-07-27,2022-09-02,closed
467,391,13457.53,13.48,2025-05-24,2025-12-08,defaulted
468,411,21893.03,13.11,2022-02-07,2024-03-17,active
469,386,30118.51,9.03,2025-07-08,2027-04-20,defaulted
470,110,6451.56,10.78,2024-05-26,2024-12-19,closed
471,381,23007.31,4.28,2021-04-06,2021-08-08,closed
472,207,8315.1,13.64,2022-10-28,2025-08-28,closed
473,361,39997.35,3.92,2023-03-04,2023-06-15,closed
474,478,25792.91,14.18,2021-10-26,2026-03-03,defaulted
475,128,20799.3,4.05,2022-02-27,2023-06-28,closed
476,428,26571.05,13.34,2021-10-31,2026-09-01,defaulted
477,233,26592.7,10.95,2024-06-29,2026-11-02,defaulted
478,276,27993.02,10.44,2022-01-21,2022-09-07,defaulted
479,165,16036.16,10.7,2023-07-16,2027-05-13,active
480,408,6669.56,3.5,2022-05-31,2023-07-06,active
481,168,8644.87,5.36,2024-03-13,2025-03-24,defaulted
482,317,48651.72,10.08,2025-05-04,2027-04-01,active
483,438,24061.33,12.22,2022-05-21,2022-08-25,active
484,138,24836.53,12.16,2022-01-28,2027-02-09,defaulted
485,48,48408.75,9.64,2021-09-28,2023-10-09,active
486,68,27581.87,6.33,2023-07-17,2024-11-14,active
487,322,12183.37,13.94,2024-11-09,2025-10-12,defaulted
488,304,23322.34,7.83,2024-07-16,2024-10-09,active
489,162,25029.22,14.11,2022-02-16,2027-04-18,defaulted
490,458,6985.52,8.31,2024-01-17,2026-03-08,active
491,25,13989.06,6.59,2024-03-11,2025-08-17,defaulted
492,395,49858.14,9.48,2023-05-17,2026-06-24,defaulted
493,402,1677.4,6.49,2021-05-31,2024-11-22,defaulted
494,102,49972.66,10.86,2024-02-23,2026-11-27,active
495,410,30280.88,10.14,2023-09-06,2025-07-22,closed
496,153,17133.98,12.64,2021-11-29,2022-05-21,active
497,358,13218.09,5.66,2021-01-02,2024-04-01,closed
498,494,33966.04,8.28,2023-10-27,2025-11-12,closed
499,349,2414.44,11.74,2024-08-05,2025-05-28,active
500,293,37863.76,9.82,2024-04-07,2024-08-26,closed
501,152,1963.84,12.69,2023-12-21,2026-12-15,active
502,194,46562.16,9.76,2021-11-13,2023-02-06,closed
503,205,30444.72,9.24,2020-12-24,2025-02-22,closed
504,103,25975.11,5.62,2023-07-16,2026-07-02,defaulted
505,277,26804.43,6.48,2023-04-13,2025-11-12,defaulted
506,88,18147.82,14.29,2023-05-22,2024-08-15,defaulted
507,294,20393.57,7.87,2024-09-27,2024-11-20,active
508,51,6977.24,5.73,2025-02-17,2026-08-29,active
509,50,26749.78,8.62,2022-06-19,2026-04-14,closed
510,110,21435.35,7.65,2020-09-11,2026-08-20,closed
511,186,10188.63,11.05,2024-07-20,2025-03-03,defaulted
512,187,42300.17,10.15,2021-02-19,2021-08-18,closed
513,452,33635.6,9.63,2022-05-19,2026-07-20,defaulted
514,376,35826.31,10.55,2023-01-07,2024-12-29,defaulted
515,303,28840.53,11.86,2023-08-17,2026-03-06,active
516,195,8709.01,9.56,2024-06-01,2024-11-11,active
517,136,33687.98,9.5,2023-02-05,2025-04-15,closed
518,64,43885.27,8.42,2021-09-08,2024-10-27,active
519,223,9185.52,14.6,2021-11-18,2024-07-08,closed
520,81,33656.45,4.45,2025-02-20,2026-02-10,closed
521,233,12408.14,4.43,2021-09-22,2025-11-06,closed
522,126,45565.05,6.06,2022-05-05,2026-08-11,closed
523,500,45294.62,6.41,2024-01-23,2026-11-08,active
524,52,19780.37,5.58,2024-11-24,2026-07-09,active
525,81,23474.03,14.83,2021-06-18,2027-05-14,active
526,222,49314.16,9.92,2024-11-18,2025-12-08,defaulted
527,431,23419.0,10.8,2024-06-05,2026-03-27,defaulted
528,420,27873.21,6.32,2025-03-15,2027-04-29,closed
529,13,24524.11,7.54,2021-03-06,2023-05-19,closed
530,486,19718.03,8.29,2020-09-20,2026-12-02,active
531,84,29320.15,3.63,2021-10-06,2022-02-11,closed
532,463,21187.43,7.8,2023-05-26,2024-12-25,active
533,477,17141.26,5.51,2024-11-03,2026-08-20,active
534,458,8217.61,11.52,2021-04-04,2027-07-21,closed
535,124,14576.64,5.33,2022-07-19,2022-09-18,closed
536,425,38532.86,14.2,2022-06-01,2024-06-01,defaulted
537,498,43059.68,11.26,2023-07-21,2025-03-16,defaulted
538,358,7235.44,9.9,2021-11-23,2022-02-26,closed
539,150,18650.22,10.5,2023-01-20,2026-02-20,active
540,393,3310.64,7.05,2022-06-16,2022-12-10,active
541,401,47560.68,4.67,2021-09-24,2023-09-26,defaulted
542,363,25339.86,8.93,2024-04-09,2025-02-12,closed
543,274,45832.87,5.38,2022-12-29,2023-08-17,active
544,83,41250.17,9.24,2023-04-14,2026-02-26,active
545,433,21133.26,3.51,2021-12-28,2023-01-28,closed
546,195,34622.73,9.07,2023-02-20,2024-04-05,closed
547,434,28037.64,14.92,2021-01-23,2025-12-02,active
548,346,8796.72,14.97,2022-09-11,2026-05-17,closed
549,40,7209.75,11.95,2021-03-18,2027-01-02,active
550,196,35851.28,6.05,2024-02-02,2025-07-20,closed
551,171,37167.21,10.67,2023-12-27,2026-03-08,defaulted
552,95,32973.98,8.7,2023-01-28,2026-07-09,active
553,50,16129.87,9.45,2021-12-24,2022-07-13,active
554,157,18823.49,4.18,2025-01-22,2027-04-24,defaulted
555,121,11560.29,3.44,2023-01-24,2023-01-25,active
556,227,27140.37,3.29,2020-12-15,2024-09-23,defaulted
557,411,36628.69,12.08,2021-01-23,2025-02-07,active
558,314,21904.89,10.15,2023-10-27,2027-04-16,closed
559,376,27734.69,11.81,2024-01-14,2027-04-27,defaulted
560,179,36203.74,7.31,2024-04-26,2027-01-23,closed
561,109,35876.65,14.66,2022-03-28,2022-06-17,closed
562,181,2673.43,14.59,2023-05-12,2025-06-20,closed
563,155,26819.09,4.05,2024-12-08,2026-01-18,active
564,195,38612.8,4.13,2023-12-27,2025-04-08,closed
565,440,29016.87,13.1,2022-11-10,2023-06-27,closed
566,103,42944.66,14.35,2022-10-04,2027-03-10,closed
567,404,10256.39,5.67,2023-07-30,2027-07-25,defaulted
568,158,49332.71,7.26,2025-02-21,2025-08-19,defaulted
569,426,38472.04,8.48,2024-07-07,2024-12-06,active
570,468,29149.73,5.2,2024-06-24,2025-12-03,defaulted
571,323,48029.39,11.2,2023-06-06,2026-02-18,closed
572,323,1624.81,7.13,2021-04-01,2023-06-07,closed
573,469,11375.48,5.7,2022-08-15,2025-06-17,active
574,356,9695.55,5.78,2024-12-28,2026-09-23,active
575,161,4770.14,4.6,2023-06-12,2024-07-04,closed
576,35,34992.49,12.48,2025-02-02,2026-11-19,closed
577,177,48894.15,8.0,2020-09-02,2026-02-04,closed
578,312,14283.41,10.1,2023-04-17,2027-03-23,active
579,147,38446.7,7.99,2022-04-30,2025-03-29,active
580,118,4571.45,11.66,2022-01-08,2025-08-08,closed
581,434,4464.9,5.35,2023-06-19,2027-04-30,active
582,296,45251.02,11.89,2024-06-12,2026-07-29,active
583,195,17239.88,13.56,2020-09-29,2022-07-02,active
584,221,8329.71,7.44,2020-09-05,2024-03-06,active
585,470,23427.55,6.54,2023-03-11,2026-05-30,defaulted
586,283,9528.2,3.14,2024-04-18,2026-05-27,active
587,261,29371.84,10.13,2024-06-26,2026-09-11,defaulted
588,334,39636.96,5.62,2024-04-16,2025-06-20,closed
589,347,20063.57,8.1,2022-05-06,2024-03-14,closed
590,293,41575.18,7.72,2022-02-10,2026-09-02,active
591,172,14253.58,4.71,2022-04-13,2025-02-17,defaulted
592,43,19537.92,3.89,2022-02-16,2025-07-31,closed
593,371,36480.09,14.29,2021-09-26,2022-02-06,active
594,144,3432.12,6.35,2023-12-14,2025-03-07,active
595,383,15393.95,4.12,2021-06-24,2027-03-07,active
596,285,46337.18,7.43,2024-05-25,2027-06-11,active
597,467,19998.63,3.78,2022-05-15,2027-05-07,closed
598,175,13087.04,5.57,2023-08-11,2025-09-18,closed
599,28,2172.02,5.27,2020-12-19,2024-01-18,active
600,17,25245.01,5.09,2023-10-16,2026-09-21,defaulted
601,193,35215.36,3.58,2022-08-12,2023-12-05,active
602,12,26326.77,8.5,2022-10-31,2026-11-09,active
603,401,8987.56,9.21,2024-06-20,2026-11-13,defaulted
604,286,17256.02,8.64,2022-08-02,2024-04-12,closed
605,88,31757.79,6.72,2021-03-16,2026-08-31,closed
606,203,1810.58,6.29,2020-12-10,2022-04-24,closed
607,436,30788.56,8.14,2022-08-29,2024-03-02,active
608,492,31637.43,3.8,2021-03-06,2022-12-22,active
609,26,19625.46,3.95,2021-03-24,2022-06-22,closed
610,95,46594.28,5.48,2023-11-16,2024-02-01,defaulted
611,5,29600.85,4.22,2024-07-05,2026-02-06,active
612,121,27170.13,8.73,2021-04-20,2021-06-12,active
613,265,36687.3,10.25,2020-11-24,2022-11-17,closed
614,42,34302.63,12.58,2022-09-26,2025-11-14,active
615,147,9638.19,7.25,2022-04-11,2022-08-23,closed
616,495,9025.12,13.65,2021-03-04,2025-05-08,closed
617,426,29113.46,13.14,2023-10-22,2026-04-02,defaulted
618,83,22918.7,10.47,2022-09-09,2022-09-18,active
619,43,32242.87,9.52,2023-04-25,2026-09-15,active
620,288,46335.26,14.17,2021-09-13,2026-08-18,defaulted
621,436,45263.94,7.3,2024-09-18,2025-06-27,closed
622,273,39310.43,3.58,2024-03-08,2026-08-29,closed
623,464,18915.87,4.96,2022-04-15,2024-06-29,active
624,197,41138.52,3.27,2025-03-28,2027-04-25,closed
625,73,30695.67,6.84,2021-04-03,2022-05-16,closed
626,190,23210.97,9.46,2022-03-24,2026-03-12,closed
627,346,25832.11,10.75,2024-12-21,2024-12-21,defaulted
628,160,21128.98,8.56,2021-09-14,2022-02-24,closed
629,442,3807.57,14.43,2024-08-01,2026-05-02,defaulted
630,129,8528.44,12.41,2023-11-13,2026-03-13,defaulted
631,433,49856.4,4.18,2025-01-13,2027-05-18,active
632,5,24761.01,9.57,2023-07-29,2024-07-18,closed
633,244,7971.54,9.91,2022-06-12,2025-12-11,active
634,307,33369.16,14.72,2022-01-02,2026-05-12,active
635,54,14108.51,5.73,2024-01-15,2025-08-05,closed
636,345,46841.7,9.61,2021-08-27,2026-10-21,defaulted
637,159,6884.4,12.35,2021-01-10,2021-07-24,closed
638,150,3945.22,13.88,2021-01-04,2025-09-17,active
639,372,1574.19,9.4,2021-04-16,2026-06-30,closed
640,26,34471.35,3.4,2025-04-06,2026-12-22,closed
641,498,35329.35,3.67,2025-06-20,2026-02-04,active
642,396,37445.65,12.4,2020-09-30,2026-10-11,defaulted
643,108,30414.11,5.07,2022-12-09,2024-04-23,closed
644,150,7668.26,4.32,2025-07-02,2027-08-09,closed
645,208,26165.69,10.85,2022-03-25,2023-06-09,defaulted
646,51,18331.84,3.13,2021-02-28,2022-05-31,closed
647,73,8764.1,12.31,2021-05-02,2022-10-24,defaulted
648,249,26017.45,12.91,2025-01-20,2027-06-26,active
649,372,42157.5,13.78,2025-06-05,2026-03-23,closed
650,462,37233.71,5.27,2023-03-21,2023-11-24,closed
651,192,45333.63,3.03,2025-02-06,2025-11-22,defaulted
652,274,15543.19,14.68,2020-12-13,2020-12-17,active
653,45,47119.03,4.87,2022-02-22,2027-04-22,active
654,480,40123.39,8.68,2020-10-11,2023-05-02,closed
655,142,28168.86,13.07,2021-02-21,2026-10-26,closed
656,416,35479.36,5.58,2025-05-20,2027-03-17,active
657,363,41077.75,10.04,2023-07-18,2024-10-29,closed
658,366,48155.16,4.75,2023-02-19,2025-11-14,defaulted
659,346,2897.6,8.52,2023-03-08,2026-08-21,defaulted
660,38,31156.06,10.55,2022-01-12,2025-07-02,closed
661,347,2213.32,6.77,2023-04-15,2024-04-20,closed
662,164,11862.27,8.34,2022-10-17,2024-01-20,defaulted
663,254,32190.1,3.93,2021-01-29,2023-10-09,active
664,84,38231.75,6.15,2024-03-04,2024-04-10,closed
665,207,15091.39,7.18,2022-06-26,2023-04-05,active
666,181,27086.99,6.99,2022-08-25,2023-11-06,active
667,67,23477.33,6.85,2021-11-08,2024-11-23,active
668,297,38604.18,9.85,2023-08-05,2024-10-01,closed
669,276,11692.12,14.21,2021-05-12,2023-08-14,closed
670,182,20585.32,12.23,2025-07-07,2027-07-03,defaulted
671,364,10480.49,5.39,2024-02-14,2025-09-15,defaulted
672,54,43324.08,4.4,2020-10-22,2025-09-02,defaulted
673,443,15583.68,3.26,2023-02-26,2025-03-29,defaulted
674,53,8758.59,14.63,2022-03-06,2026-11-01,closed
675,45,49579.15,10.66,2024-04-25,2024-10-02,active
676,346,34413.9,7.86,2021-07-17,2025-05-14,closed
677,387,15580.38,7.76,2023-01-01,2024-09-19,active
678,200,39790.52,8.37,2022-09-11,2024-12-01,active
679,277,35292.85,9.34,2024-12-06,2026-05-20,defaulted
680,4,49824.6,10.02,2025-05-13,2026-10-29,closed
681,161,41517.5,6.09,2022-10-29,2024-01-12,defaulted
682,207,36813.41,5.11,2024-07-19,2024-11-10,active
683,330,30126.3,12.74,2024-11-30,2027-01-05,active
684,414,19607.99,13.64,2022-10-03,2025-08-14,defaulted
685,463,12700.06,9.32,2020-11-27,2021-05-25,active
686,405,41494.58,10.87,2021-09-18,2024-10-26,defaulted
687,262,44671.23,7.38,2022-09-07,2025-04-29,active
688,122,38571.27,14.37,2020-08-31,2023-12-21,defaulted
689,360,33217.37,7.45,2020-12-26,2026-10-26,closed
690,335,46091.1,5.47,2020-10-05,2023-09-29,active
691,451,2400.91,9.04,2022-07-21,2025-08-12,closed
692,459,25963.59,11.93,2023-06-18,2023-11-28,active
693,53,28906.14,12.65,2020-08-18,2024-10-18,defaulted
694,375,34398.32,13.15,2022-03-13,2022-11-02,closed
695,272,39344.58,5.86,2025-07-26,2025-11-17,defaulted
696,357,40184.69,6.76,2025-01-17,2026-05-01,closed
697,260,27027.56,4.94,2021-02-14,2022-12-18,closed
698,201,20371.89,6.27,2022-09-04,2026-11-12,closed
699,143,5873.85,6.88,2025-04-22,2026-11-30,active
700,223,46422.25,4.23,2025-04-07,2027-07-28,defaulted
701,421,29423.56,7.69,2024-05-26,2024-09-07,defaulted
702,93,21583.81,10.68,2022-03-06,2022-09-15,active
703,117,48801.94,7.15,2025-06-24,2027-06-15,closed
704,320,27882.4,4.38,2025-01-20,2027-03-09,closed
705,235,8193.8,7.28,2021-08-31,2026-07-29,closed
706,422,23651.34,5.36,2021-10-06,2025-09-23,active
707,12,4268.95,14.6,2023-07-29,2025-04-17,defaulted
708,461,49039.94,10.31,2021-06-28,2026-11-16,defaulted
709,383,12198.21,8.42,2024-05-16,2026-03-14,defaulted
710,195,25278.31,10.17,2021-01-06,2025-10-01,active
711,68,33758.18,6.15,2021-03-16,2026-07-17,closed
712,126,16997.74,6.25,2022-09-09,2024-06-01,active
713,198,2819.62,4.51,2021-10-31,2023-10-08,closed
714,31,35734.46,5.48,2020-08-28,2020-11-02,defaulted
715,165,3198.74,11.58,2021-10-13,2025-03-29,closed
716,200,9710.97,14.93,2022-07-08,2027-07-03,defaulted
717,82,17163.44,8.61,2024-09-20,2025-09-07,closed
718,272,36317.38,13.15,2023-01-20,2023-08-31,active
719,292,36187.49,12.06,2022-03-27,2026-05-23,defaulted
720,156,1049.63,5.34,2022-02-13,2026-03-30,active
721,419,22346.47,14.46,2023-11-05,2027-08-12,defaulted
722,491,26887.93,4.95,2023-03-11,2027-02-21,active
723,449,17409.79,6.27,2023-12-27,2026-02-05,closed
724,113,41612.4,3.5,2022-02-03,2024-12-09,closed
725,340,14256.26,10.65,2021-04-20,2023-11-21,closed
726,63,30285.1,3.49,2022-09-19,2026-10-03,active
727,418,23997.54,4.11,2021-10-06,2026-01-02,defaulted
728,298,18064.84,13.9,2024-12-05,2027-03-16,active
729,221,20090.14,14.5,2022-07-21,2025-09-07,closed
730,270,30113.31,10.97,2021-09-15,2026-08-25,defaulted
731,190,1860.8,3.2,2022-12-10,2027-05-20,defaulted
732,244,8920.11,11.37,2021-05-23,2022-02-12,closed
733,96,10428.9,3.11,2021-07-30,2021-09-05,closed
734,197,25876.33,6.0,2024-06-14,2027-01-06,active
735,483,19060.15,10.78,2023-09-05,2026-03-12,closed
736,352,12225.14,3.19,2024-03-20,2026-05-04,closed
737,266,44818.66,7.63,2025-03-09,2026-05-21,closed
738,145,46753.18,13.44,2023-02-19,2023-07-20,defaulted
739,31,30237.07,7.04,2021-11-15,2026-08-24,active
740,145,45673.75,11.71,2021-03-01,2022-11-15,active
741,131,17190.1,5.16,2024-11-07,2024-12-23,active
742,194,35483.93,9.53,2024-05-14,2025-09-27,defaulted
743,472,48091.3,7.89,2024-05-24,2026-07-16,closed
744,30,13929.46,11.3,2021-12-20,2026-12-22,defaulted
745,208,14246.42,12.56,2024-12-17,2026-03-12,defaulted
746,354,1864.86,7.97,2024-01-07,2027-04-04,active
747,143,27795.04,5.07,2022-03-09,2024-02-14,active
748,456,37085.92,13.35,2021-06-03,2027-03-13,active
749,439,48956.84,4.34,2024-08-06,2027-06-15,defaulted
750,118,18382.69,14.62,2021-03-25,2026-02-24,closed
751,91,12125.42,3.59,2020-11-20,2023-04-19,active
752,58,28507.77,7.11,2025-06-15,2025-10-05,closed
753,404,45022.15,12.7,2024-03-19,2027-05-26,closed
754,195,17610.42,10.9,2023-05-17,2024-02-19,defaulted
755,227,7274.07,3.17,2024-08-30,2024-10-31,defaulted
756,455,9016.26,5.66,2022-12-22,2027-08-08,defaulted
757,207,34168.12,10.09,2024-02-28,2027-07-06,defaulted
758,129,1569.25,7.12,2022-06-15,2026-07-03,closed
759,119,40501.18,9.14,2022-12-04,2026-05-03,active
760,189,45424.4,9.84,2023-10-20,2024-12-21,closed
761,98,33931.75,3.56,2024-02-06,2025-07-27,closed
762,141,40956.25,12.62,2024-03-08,2026-05-09,active
763,275,40114.0,6.17,2022-04-25,2027-02-08,defaulted
764,239,44971.8,7.95,2021-05-09,2026-08-25,defaulted
765,365,35700.37,11.78,2022-01-07,2022-06-26,defaulted
766,255,39799.02,3.46,2021-06-29,2024-10-05,defaulted
767,62,18080.52,11.59,2025-01-18,2027-01-17,defaulted
768,36,8003.12,7.97,2021-11-06,2021-12-23,defaulted
769,59,6183.77,12.78,2024-12-06,2025-09-15,defaulted
770,34,2651.0,10.58,2021-01-05,2022-10-20,closed
771,432,32661.34,11.66,2023-12-08,2025-08-13,active
772,86,47421.65,5.37,2023-06-16,2026-08-29,closed
773,343,1780.79,14.33,2020-10-30,2021-04-06,closed
774,53,27863.72,8.12,2024-07-04,2025-08-03,defaulted
775,359,15357.31,11.16,2024-04-28,2026-01-13,closed
776,374,2600.6,8.72,2021-01-17,2025-11-28,closed
777,201,35776.04,5.46,2023-08-25,2027-06-24,closed
778,155,39523.61,12.38,2021-11-20,2022-08-26,defaulted
779,177,6472.47,5.96,2025-01-08,2027-08-05,closed
780,128,40516.93,11.79,2024-02-28,2027-02-23,closed
781,92,2527.39,9.5,2025-06-27,2025-11-18,closed
782,440,2843.97,12.52,2022-09-07,2022-12-25,defaulted
783,334,9703.49,8.63,2023-07-18,2024-01-10,active
784,259,26215.2,12.12,2022-03-01,2025-05-16,active
785,232,36649.77,10.34,2021-10-06,2026-01-12,active
786,468,1691.7,14.38,2022-04-15,2026-02-25,active
787,329,28056.35,6.9,2021-05-28,2025-10-20,defaulted
788,434,48967.0,14.91,2023-12-20,2027-02-03,closed
789,287,27457.18,7.39,2020-12-10,2024-10-12,closed
790,2,43179.29,14.86,2025-03-26,2026-10-10,defaulted
791,409,48468.2,3.26,2021-03-08,2024-08-03,closed
792,454,8592.85,14.37,2022-06-15,2023-11-16,closed
793,382,18860.88,13.19,2023-12-31,2024-01-19,defaulted
794,296,40796.68,11.32,2021-07-22,2022-07-12,defaulted
795,136,20909.47,5.5,2023-02-26,2027-06-18,active
796,33,28279.41,5.88,2021-10-24,2025-10-03,closed
797,318,5830.55,12.33,2022-06-23,2027-01-16,defaulted
798,30,49863.44,3.38,2024-11-10,2025-07-30,active
799,367,46752.95,10.14,2025-06-14,2026-04-13,defaulted
800,202,21143.93,5.1,2024-07-09,2025-05-26,closed
801,311,7316.41,7.87,2024-12-13,2026-01-14,active
802,419,2069.72,5.65,2021-12-14,2022-02-03,active
803,342,12629.39,9.65,2023-10-05,2025-02-20,active
804,451,12073.63,7.94,2021-01-27,2027-01-18,active
805,203,44140.38,4.75,2022-05-14,2026-09-12,active
806,8,47931.25,13.82,2024-11-25,2027-04-18,defaulted
807,254,35122.21,10.0,2020-08-15,2024-09-18,closed
808,463,33755.36,3.65,2025-07-19,2025-12-18,active
809,236,46311.15,5.31,2021-08-11,2024-10-09,active
810,147,3180.15,14.21,2022-09-14,2022-10-21,defaulted
811,222,46572.89,4.64,2021-09-29,2026-09-01,defaulted
812,366,5932.71,10.77,2023-05-28,2027-07-04,defaulted
813,326,39024.24,14.09,2024-04-01,2026-10-27,closed
814,222,21762.94,13.38,2025-05-19,2026-09-03,active
815,454,4859.33,7.91,2020-10-15,2026-08-30,closed
816,369,15477.02,12.29,2022-06-06,2022-07-20,defaulted
817,300,17433.0,10.69,2025-07-30,2025-12-31,defaulted
818,150,18462.82,4.76,2023-10-31,2025-08-08,defaulted
819,434,48753.63,6.93,2023-06-21,2027-06-20,active
820,410,35190.72,12.73,2025-06-06,2026-01-09,defaulted
821,268,20770.28,14.27,2020-09-15,2021-09-19,active
822,61,49074.86,12.26,2023-03-21,2025-06-08,defaulted
823,390,6674.63,8.54,2022-05-25,2026-08-04,active
824,462,27368.78,6.05,2024-09-24,2025-07-21,defaulted
825,53,12776.5,11.2,2021-11-22,2022-07-26,defaulted
826,103,34564.63,7.85,2025-07-19,2027-07-30,active
827,85,42752.93,10.77,2023-09-30,2026-05-15,defaulted
828,416,1641.96,11.67,2021-12-02,2026-01-07,defaulted
829,43,47682.82,3.48,2025-03-22,2026-09-18,defaulted
830,240,42572.13,13.9,2025-04-02,2026-12-18,defaulted
831,346,9633.06,10.74,2024-03-02,2026-12-17,closed
832,276,21053.42,7.83,2021-07-05,2022-04-04,defaulted
833,262,5490.38,3.08,2025-01-17,2027-05-05,defaulted
834,231,7157.2,9.3,2024-10-29,2026-01-25,active
835,454,42193.6,8.86,2020-11-23,2022-08-12,active
836,140,38218.11,11.77,2024-08-08,2027-03-12,active
837,360,18056.48,5.49,2023-11-18,2027-06-11,closed
838,220,14345.6,11.92,2021-11-12,2025-10-13,defaulted
839,159,34080.7,14.12,2021-01-29,2021-08-23,active
840,460,45606.09,7.56,2022-09-06,2026-10-31,active
841,356,46666.89,14.73,2024-06-22,2026-08-05,defaulted
842,483,43070.46,10.45,2025-02-17,2026-11-02,closed
843,395,14228.0,7.98,2022-04-20,2026-01-20,active
844,473,46188.23,10.57,2024-07-18,2026-01-15,closed
845,65,4635.44,12.28,2021-09-09,2025-07-31,defaulted
846,148,35751.13,5.53,2025-01-27,2025-05-27,closed
847,91,42474.84,4.45,2025-07-22,2027-06-12,active
848,469,25228.86,5.53,2020-10-27,2022-03-26,defaulted
849,272,5427.15,14.02,2024-07-05,2025-03-07,defaulted
850,387,29871.28,7.69,2022-09-11,2024-12-30,active
851,294,6741.21,13.41,2024-03-28,2025-12-04,active
852,392,12581.86,5.7,2020-10-23,2022-04-29,defaulted
853,236,6496.8,9.78,2024-10-21,2025-12-21,defaulted
854,346,9372.88,7.77,2020-10-14,2025-04-20,active
855,307,31357.41,6.41,2022-03-14,2023-08-19,closed
856,223,39987.83,12.99,2020-11-08,2023-09-24,defaulted
857,34,33392.35,12.43,2021-07-01,2026-05-08,active
858,471,10056.7,12.77,2022-10-07,2024-04-24,active
859,117,16175.76,14.19,2023-04-17,2027-05-02,closed
860,70,26007.87,5.45,2022-04-23,2022-10-13,closed
861,407,25708.7,12.34,2022-07-13,2022-12-22,closed
862,278,19332.91,5.38,2022-01-30,2025-02-04,defaulted
863,29,3875.07,7.04,2023-05-22,2026-01-13,closed
864,13,41744.5,13.81,2024-12-25,2025-11-06,closed
865,24,10550.58,6.07,2025-01-08,2026-02-11,closed
866,382,31837.7,6.04,2023-06-24,2026-01-04,defaulted
867,388,1857.48,14.16,2025-06-11,2026-04-30,closed
868,13,27532.31,10.93,2022-07-11,2024-07-29,defaulted
869,199,17290.25,12.75,2025-04-28,2026-07-16,closed
870,358,38467.37,11.0,2022-11-03,2025-03-10,closed
871,107,11515.49,11.34,2020-10-31,2027-02-18,closed
872,81,16877.09,12.66,2021-06-09,2023-08-23,closed
873,76,2522.34,13.87,2020-12-08,2027-01-17,active
874,141,38000.16,6.9,2021-02-20,2027-05-04,closed
875,265,45602.45,12.98,2022-08-09,2024-12-12,defaulted
876,286,47381.72,14.01,2022-05-01,2024-12-10,defaulted
877,58,1954.2,12.54,2021-02-19,2022-11-30,defaulted
878,457,6256.9,11.87,2025-02-07,2025-10-20,active
879,147,48364.18,7.59,2021-03-30,2023-08-08,active
880,147,34080.42,7.49,2022-09-23,2024-02-29,closed
881,495,30372.64,4.38,2024-12-04,2026-01-25,defaulted
882,423,22804.9,14.41,2021-10-05,2026-09-17,active
883,217,1524.23,12.93,2023-07-11,2025-06-14,active
884,135,45922.9,6.32,2025-04-08,2025-04-23,defaulted
885,200,11558.72,8.96,2024-10-20,2027-07-25,defaulted
886,10,22033.38,3.03,2025-04-23,2026-05-13,active
887,376,35639.1,10.93,2024-12-03,2025-02-12,defaulted
888,357,12528.07,10.28,2023-01-18,2027-05-31,closed
889,326,2629.7,7.85,2022-10-04,2026-12-31,defaulted
890,451,5898.19,10.06,2021-10-09,2022-10-02,closed
891,455,37923.8,8.36,2020-11-29,2026-11-01,closed
892,69,39528.88,6.11,2024-08-11,2026-06-29,defaulted
893,331,23864.7,8.8,2023-09-15,2027-01-02,defaulted
894,488,40495.19,14.69,2020-10-17,2025-09-20,defaulted
895,272,11201.3,6.61,2021-04-29,2021-06-17,defaulted
896,422,16473.23,9.46,2024-11-26,2025-10-08,closed
897,264,34175.7,6.42,2024-10-15,2025-12-30,active
898,432,8183.97,9.04,2021-01-12,2027-04-05,active
899,268,14088.42,7.11,2022-10-24,2025-10-28,defaulted
900,151,32111.25,6.03,2023-10-03,2025-02-27,defaulted
901,415,5382.33,6.58,2020-09-10,2024-07-07,closed
902,206,25367.31,7.13,2021-07-18,2023-08-01,defaulted
903,201,14265.42,8.77,2024-07-27,2026-10-20,active
904,131,19392.08,10.25,2025-05-09,2025-06-21,closed
905,254,16056.57,7.97,2021-04-29,2021-11-20,defaulted
906,195,21238.45,12.72,2024-01-27,2025-01-11,active
907,289,32000.75,12.44,2023-11-06,2024-12-09,closed
908,35,15439.98,8.82,2022-10-30,2022-11-15,defaulted
909,286,23914.66,13.85,2023-02-02,2023-04-09,closed
910,272,36944.09,11.03,2023-10-31,2024-02-17,active
911,495,34446.72,9.18,2021-07-21,2025-01-24,closed
912,153,32309.57,7.26,2023-12-25,2026-04-07,active
913,16,29185.27,5.0,2022-02-17,2026-07-11,closed
914,350,40171.49,13.99,2023-03-10,2023-07-19,active
915,368,23151.93,12.45,2024-04-16,2025-08-09,closed
916,69,38172.89,4.98,2024-02-13,2024-07-19,active
917,370,11016.06,14.22,2021-04-14,2025-08-05,active
918,244,27310.53,7.82,2023-05-05,2024-05-30,closed
919,189,12105.98,5.72,2024-08-25,2025-10-17,active
920,57,1957.74,3.76,2023-01-07,2026-08-01,closed
921,344,23248.14,13.51,2020-11-26,2026-09-23,closed
922,480,42615.75,8.0,2022-01-03,2025-01-23,defaulted
923,178,11206.2,5.46,2024-07-27,2026-08-15,closed
924,492,19774.0,3.17,2021-12-21,2027-05-04,defaulted
925,169,8927.96,12.54,2023-09-06,2025-05-14,active
926,219,2602.07,7.72,2022-08-20,2025-07-22,defaulted
927,260,29273.55,14.28,2022-05-03,2025-04-17,closed
928,59,35422.86,6.75,2021-04-03,2025-07-20,active
929,359,31018.67,5.7,2025-07-11,2026-12-27,active
930,45,47497.87,6.48,2024-03-14,2026-06-13,active
931,137,20769.44,13.24,2021-11-19,2025-04-19,defaulted
932,357,18849.61,10.5,2021-01-15,2025-01-28,defaulted
933,80,36710.39,6.87,2024-03-20,2025-08-24,defaulted
934,13,6607.91,9.01,2023-06-09,2027-04-13,active
935,263,41244.06,6.42,2020-10-01,2021-03-10,defaulted
936,38,31336.95,4.07,2024-07-07,2025-04-24,closed
937,91,5592.17,6.01,2023-09-21,2026-10-14,closed
938,354,17651.97,6.37,2020-09-26,2021-06-26,closed
939,267,20725.86,11.42,2022-09-03,2027-02-25,defaulted
940,198,38310.69,3.76,2021-10-17,2024-11-11,defaulted
941,486,2739.45,3.44,2021-08-17,2027-07-06,closed
942,360,1094.16,3.93,2023-06-26,2025-10-24,closed
943,232,48911.3,13.56,2024-10-01,2026-09-01,active
944,173,9574.89,10.36,2020-12-07,2025-01-25,active
945,118,34148.61,5.5,2024-12-08,2026-11-18,closed
946,3,32399.78,5.9,2021-07-16,2025-12-02,closed
947,167,11128.12,6.52,2025-05-24,2027-01-17,active
948,444,5848.49,14.07,2022-05-12,2025-01-14,active
949,90,4213.79,10.42,2021-12-14,2022-05-23,closed
950,335,49663.59,7.56,2022-09-10,2025-12-09,defaulted
951,238,7033.99,5.01,2022-07-22,2023-03-10,active
952,237,16908.06,12.11,2024-06-02,2024-12-01,active
953,364,23137.48,7.81,2024-08-20,2026-06-11,active
954,183,17327.94,9.54,2022-03-16,2022-05-22,defaulted
955,238,29660.34,7.24,2024-06-18,2026-08-29,active
956,143,15753.74,7.43,2021-12-17,2026-07-16,defaulted
957,48,26484.45,14.3,2021-07-01,2025-08-19,closed
958,345,4564.91,10.49,2021-11-01,2024-06-03,closed
959,13,4324.55,5.36,2023-11-12,2024-08-27,active
960,238,12760.46,3.31,2022-06-12,2022-08-13,defaulted
961,478,10684.09,8.67,2021-06-27,2025-06-15,active
962,480,40311.16,6.0,2022-06-08,2024-11-19,closed
963,238,45103.35,3.91,2025-08-02,2026-05-27,active
964,365,37846.72,6.54,2024-09-13,2027-03-23,active
965,327,27729.76,6.41,2022-10-30,2024-03-26,closed
966,461,12830.58,6.04,2023-02-27,2025-10-17,defaulted
967,251,46245.96,13.0,2022-03-17,2023-01-01,closed
968,74,13626.81,10.77,2024-06-04,2024-10-29,defaulted
969,374,44231.68,9.48,2022-05-21,2026-12-13,closed
970,54,33391.99,10.67,2023-04-07,2025-04-30,closed
971,285,14343.02,7.91,2021-04-29,2026-05-18,defaulted
972,362,10389.02,9.05,2024-02-24,2026-12-11,closed
973,499,19166.01,5.99,2025-06-29,2025-11-05,defaulted
974,389,21615.3,3.29,2023-10-07,2026-06-29,defaulted
975,355,3819.29,5.26,2023-07-31,2024-12-23,defaulted
976,117,14915.16,8.46,2021-02-26,2027-07-01,defaulted
977,295,22504.1,9.76,2024-12-17,2025-02-06,closed
978,357,9513.11,8.93,2022-02-18,2026-10-27,defaulted
979,358,18670.94,7.84,2020-11-02,2021-11-26,defaulted
980,55,25372.29,14.2,2021-08-22,2026-08-09,defaulted
981,23,11658.17,14.95,2025-05-01,2027-08-13,closed
982,472,49265.19,5.02,2025-03-02,2027-07-31,defaulted
983,32,47907.76,10.37,2022-09-07,2027-03-02,active
984,459,11372.63,12.34,2025-02-10,2026-07-12,closed
985,433,7385.99,3.53,2021-06-08,2027-01-14,active
986,404,3193.93,7.85,2025-07-31,2025-11-16,defaulted
987,335,22905.3,3.23,2022-12-09,2023-02-26,defaulted
988,497,14833.96,6.8,2023-06-18,2024-01-28,closed
989,142,39448.73,12.17,2022-03-27,2023-05-20,closed
990,115,12951.59,13.61,2020-09-01,2022-11-25,closed
991,453,48424.5,11.76,2021-11-07,2025-08-27,active
992,294,37349.32,7.27,2022-03-10,2023-08-04,active
993,245,20609.45,4.95,2023-01-23,2027-07-28,defaulted
994,75,4879.55,7.68,2021-01-04,2027-02-21,defaulted
995,461,12499.98,4.99,2023-07-16,2024-01-23,closed
996,60,36553.26,10.75,2023-08-06,2024-07-12,active
997,146,45528.88,8.94,2021-11-18,2025-04-29,defaulted
998,177,19803.59,11.11,2020-11-27,2027-04-27,defaulted
999,334,47367.74,10.61,2020-10-15,2026-07-01,closed
1000,392,26989.08,9.92,2021-11-05,2027-03-28,defaulted
